POSTED_BRANCH,LOCATION_CIRCLE
Bhubaneswar Currency Chest,Bhubaneswar Circle
Bhubaneshwar,Bhubaneswar Circle
Cuttack Cluster,Bhubaneswar Circle
Keonjhar Cluster,Bhubaneswar Circle
Bhubaneswar Circle,Bhubaneswar Circle
Janpath,Bhubaneswar Circle
Sambalpur (Orissa),Bhubaneswar Circle
Sakhipara,Bhubaneswar Circle
Sambalpur Cluster,Bhubaneswar Circle
Bolangir,Bhubaneswar Circle
Dhamraport,Bhubaneswar Circle
Rasulgarh,Bhubaneswar Circle
Mancheswar,Bhubaneswar Circle
Kendrapara,Bhubaneswar Circle
Nimapara,Bhubaneswar Circle
Berhampur Cluster,Bhubaneswar Circle
Dumuduma,Bhubaneswar Circle
Rayagada (Orissa),Bhubaneswar Circle
"Paradip, Orissa",Bhubaneswar Circle
CRPF Square,Bhubaneswar Circle
Barbil (Orissa),Bhubaneswar Circle
Jajpur Road (Orissa),Bhubaneswar Circle
Soro,Bhubaneswar Circle
Jagamara,Bhubaneswar Circle
"Aska Road Branch, Berhampur",Bhubaneswar Circle
Panposh Road,Bhubaneswar Circle
Mahanadi Vihar,Bhubaneswar Circle
Bhubaneswar Rural 2 Cluster,Bhubaneswar Circle
Kalpana Square (Bhubaneshwar),Bhubaneswar Circle
Nabarangpur,Bhubaneswar Circle
Balugaon,Bhubaneswar Circle
Bidanasi,Bhubaneswar Circle
Rajgangpur,Bhubaneswar Circle
Bargarh (Orissa),Bhubaneswar Circle
Angul (Orissa),Bhubaneswar Circle
Baripada,Bhubaneswar Circle
College Square,Bhubaneswar Circle
CPC - Bhubaneshwar,Bhubaneswar Circle
Bhanjanagar,Bhubaneswar Circle
Rourkela (Orissa),Bhubaneswar Circle
Chandanpur,Bhubaneswar Circle
ASC - Bhubaneshwar,Bhubaneswar Circle
Kuchinda,Bhubaneswar Circle
Jagatpur,Bhubaneswar Circle
Nuapada,Bhubaneswar Circle
Sampur,Bhubaneswar Circle
Nayagarh,Bhubaneswar Circle
Bhadrak (Orissa),Bhubaneswar Circle
Boudhgarh,Bhubaneswar Circle
Asika,Bhubaneswar Circle
Cuttack (Orissa),Bhubaneswar Circle
Ranjagola,Bhubaneswar Circle
Titlagarh,Bhubaneswar Circle
Rairangpur,Bhubaneswar Circle
Gadaramunda,Bhubaneswar Circle
Patnagarh,Bhubaneswar Circle
Dhenkanal,Bhubaneswar Circle
Jatni,Bhubaneswar Circle
Balasore,Bhubaneswar Circle
Puri (Orissa),Bhubaneswar Circle
Berhampur,Bhubaneswar Circle
Belpahar,Bhubaneswar Circle
Orakal,Bhubaneswar Circle
Chandikhole,Bhubaneswar Circle
Khordha,Bhubaneswar Circle
Deogaon,Bhubaneswar Circle
"SME Center, Bhubaneswar",Bhubaneswar Circle
Jharsuguda (Orissa),Bhubaneswar Circle
Deogarh,Bhubaneswar Circle
Bhubaneswar Rural 1 Cluster,Bhubaneswar Circle
Shastri Nagar,Bhubaneswar Circle
Gunupur,Bhubaneswar Circle
Jaleswar,Bhubaneswar Circle
Janhapada,Bhubaneswar Circle
Bhimakanda,Bhubaneswar Circle
Basuaghai,Bhubaneswar Circle
Umerkote,Bhubaneswar Circle
Karanjia,Bhubaneswar Circle
Kantabania,Bhubaneswar Circle
Jagatsinghpur,Bhubaneswar Circle
Parlakhemundi,Bhubaneswar Circle
Oladanga,Bhubaneswar Circle
Digapahandi,Bhubaneswar Circle
"Sector19,Rourkela",Bhubaneswar Circle
Pattamundai,Bhubaneswar Circle
Huguli,Bhubaneswar Circle
"SME Center, Bhubaneshwar",Bhubaneswar Circle
Kanchuru,Bhubaneswar Circle
Koraput,Bhubaneswar Circle
Ledhimong,Bhubaneswar Circle
Garvana,Bhubaneswar Circle
Sonepur,Bhubaneswar Circle
Samantarapur,Bhubaneswar Circle
Keonjhar,Bhubaneswar Circle
Talcher,Bhubaneswar Circle
Bhubaneswar Service Branch,Bhubaneswar Circle
Saripur,Bhubaneswar Circle
Patia,Bhubaneswar Circle
Khagadapal,Bhubaneswar Circle
Jeypore,Bhubaneswar Circle
Jajpur Town,Bhubaneswar Circle
Bahadapitha,Bhubaneswar Circle
Bhedabahal,Bhubaneswar Circle
Cuttack Service Branch,Bhubaneswar Circle
Kantabanji,Bhubaneswar Circle
Sundargarh,Bhubaneswar Circle
Premnagar,Bhubaneswar Circle
"Agri Business Center,Bhubaneswar",Bhubaneswar Circle
Kendua,Bhubaneswar Circle
Gopalpur,Bhubaneswar Circle
Mandiapali,Bhubaneswar Circle
Kundra,Bhubaneswar Circle
Baliguda,Bhubaneswar Circle
Sriramchandrapur,Bhubaneswar Circle
Chandrasekharpur (Bhubaneshwar),Bhubaneswar Circle
Bhawanipatna,Bhubaneswar Circle
Jaleswarpur,Bhubaneswar Circle
Bhubaneswar Cluster,Bhubaneswar Circle
Katakana,Bhubaneswar Circle
Malkangiri,Bhubaneswar Circle
Iswarpur,Bhubaneswar Circle
Jiridamali,Bhubaneswar Circle
Joda,Bhubaneswar Circle
Lunahar,Bhubaneswar Circle
Phulbani,Bhubaneswar Circle
Begunia,Bhubaneswar Circle
Kalarahanga,Bhubaneswar Circle
Nuapada (Nawapara),Bhubaneswar Circle
Dharamgarh,Bhubaneswar Circle
Sailo,Bhubaneswar Circle
Bidharpur,Bhubaneswar Circle
Infosys Campus,Bhubaneswar Circle
Danagahira,Bhubaneswar Circle
Charpali,Bhubaneswar Circle
" OUAT Campus, Bhubaneswar",Bhubaneswar Circle
Bhapur,Bhubaneswar Circle
Bijipur,Bhubaneswar Circle
ASC - Sambalpur,Bhubaneswar Circle
"ACMC Center, Bhubaneshwar - Spoke 1",Bhubaneswar Circle
Sahala,Bhubaneswar Circle
Tinsukia (Assam),Guwahati Circle
Barpeta Road,Guwahati Circle
Guwahati Currency Chest,Guwahati Circle
Agartala (Tripura),Guwahati Circle
Imphal,Guwahati Circle
Silchar (Assam),Guwahati Circle
Guwahati Circle,Guwahati Circle
"SME Center,Guwahati",Guwahati Circle
Jorhat (Assam),Guwahati Circle
Jorhat Cluster,Guwahati Circle
Itanagar (Arunachal Pradesh),Guwahati Circle
Aizawl (Mizoram),Guwahati Circle
Dhaleswar,Guwahati Circle
Guwahati,Guwahati Circle
Silpukhuri,Guwahati Circle
Paltan Bazar Branch,Guwahati Circle
Dimapur (Nagaland),Guwahati Circle
Laban,Guwahati Circle
"Noonmati, Assam",Guwahati Circle
Purana Bazar,Guwahati Circle
PR Hills,Guwahati Circle
NS Avenue,Guwahati Circle
Kuda,Guwahati Circle
Pasighat,Guwahati Circle
Bijoy Nagar,Guwahati Circle
Dibrugarh,Guwahati Circle
Churachandpur,Guwahati Circle
Margherita,Guwahati Circle
REHABARI,Guwahati Circle
Fancy Bazar,Guwahati Circle
CPC - Guwahati,Guwahati Circle
Paona Bazar,Guwahati Circle
"Agri Business Center, Guwahati",Guwahati Circle
Kakching,Guwahati Circle
Nalbari,Guwahati Circle
Tura,Guwahati Circle
Rangia,Guwahati Circle
A D Nagar,Guwahati Circle
Hojai,Guwahati Circle
Bongaigaon,Guwahati Circle
Kohima (Nagaland),Guwahati Circle
HAFLONG,Guwahati Circle
Mokokchung,Guwahati Circle
Bilasipara Branch,Guwahati Circle
Udalguri,Guwahati Circle
"SME Center, Guwahati",Guwahati Circle
Bishalgarh,Guwahati Circle
Shillong (Meghalaya),Guwahati Circle
Morigaon,Guwahati Circle
Zoo Road,Guwahati Circle
Wokha,Guwahati Circle
Mangaldoi,Guwahati Circle
Dharmanagar,Guwahati Circle
Laitumkhrah,Guwahati Circle
"Nagaon, Assam",Guwahati Circle
Golaghat,Guwahati Circle
ASC - Guwahati,Guwahati Circle
Maligaon,Guwahati Circle
Udaipur,Guwahati Circle
Tezpur,Guwahati Circle
Karimganj,Guwahati Circle
Goalpara,Guwahati Circle
Narengi,Guwahati Circle
Diphu,Guwahati Circle
Dhubri,Guwahati Circle
ATHGAON,Guwahati Circle
Khanapara,Guwahati Circle
Biswanath Chariali,Guwahati Circle
MOREH,Guwahati Circle
North Lakhimpur,Guwahati Circle
Jowai,Guwahati Circle
Nongpoh,Guwahati Circle
Pathsala,Guwahati Circle
"Duliajan, Assam",Guwahati Circle
Beltola,Guwahati Circle
Porompat,Guwahati Circle
Kokrajhar,Guwahati Circle
Khliehriat,Guwahati Circle
Guwahati Service Branch,Guwahati Circle
Hatigaon,Guwahati Circle
Guwahati 1 Cluster,Guwahati Circle
Belonia,Guwahati Circle
Sibsagar,Guwahati Circle
Khatla,Guwahati Circle
Hailakandi,Guwahati Circle
Dimapur Cluster,Guwahati Circle
"Lunglei, Mizoram",Guwahati Circle
ASC - Dibrugarh,Guwahati Circle
Kolkata Circle,Kolkata Circle
Lenin Sarani,Kolkata Circle
"144_Internal Audit (IAO),Kolkata",Kolkata Circle
Kolkata Main Branch,Kolkata Circle
Baguiati,Kolkata Circle
Human Resources - East Hub,Kolkata Circle
Kolkata West Cluster,Kolkata Circle
Kolkata South East Cluster,Kolkata Circle
"Corporate Banking Branch (CBB), Kolkata",Kolkata Circle
Kol-South Cluster,Kolkata Circle
"SME Center, Kol1",Kolkata Circle
Kol-North Cluster,Kolkata Circle
Dankuni Currency Chest,Kolkata Circle
Behala,Kolkata Circle
Shyambazar (Kolkata),Kolkata Circle
Serampore (West Bengal),Kolkata Circle
Kolkata Currency Chest,Kolkata Circle
Garia Kolkata,Kolkata Circle
Dasnagar,Kolkata Circle
Baranagar,Kolkata Circle
Brabourne Road,Kolkata Circle
New Alipore (Kolkata),Kolkata Circle
Kalyani (West Bengal),Kolkata Circle
Maniktala,Kolkata Circle
Rajarhat,Kolkata Circle
Bathubasti,Kolkata Circle
"SME-Geography,East",Kolkata Circle
Amtala (West Bengal),Kolkata Circle
Lake Town Kolkata,Kolkata Circle
Kol-NE Cluster,Kolkata Circle
Greater Kolkata Cluster,Kolkata Circle
Dalhousie-Kolkotta,Kolkata Circle
MetiaBruz,Kolkata Circle
CCMC - Kolkata,Kolkata Circle
Golpark,Kolkata Circle
"N.S Road, Howrah",Kolkata Circle
Rajarhat Bisnhupur,Kolkata Circle
Kolkata Service Branch,Kolkata Circle
Servey Park,Kolkata Circle
Dum Dum (Kolkata),Kolkata Circle
Belur Bazar,Kolkata Circle
Diglipur,Kolkata Circle
Kasba,Kolkata Circle
Dakshineswar,Kolkata Circle
Nabaplly,Kolkata Circle
CIT Road Kolkata,Kolkata Circle
Manton,Kolkata Circle
Halisahar,Kolkata Circle
Dankuni (West Bengal),Kolkata Circle
Chinsurah,Kolkata Circle
Barasat,Kolkata Circle
"SME Center, Kol2",Kolkata Circle
Topsia,Kolkata Circle
BBD Bagh,Kolkata Circle
Sonarpur,Kolkata Circle
Baruipur (West Bengal),Kolkata Circle
Bhatpara,Kolkata Circle
Rashbehari Avenue (Kolkata),Kolkata Circle
Dunlop Kolkata,Kolkata Circle
Thakurpukur,Kolkata Circle
"Airport Branch,Kolkata(WB)",Kolkata Circle
Madhyamgram,Kolkata Circle
Howrah (West Bengal),Kolkata Circle
Burra Bazar (Kolkata),Kolkata Circle
Bandel,Kolkata Circle
Chandernagore (West Bengal),Kolkata Circle
Salt Lake Sector V(West Bengal),Kolkata Circle
Nabagram,Kolkata Circle
Panihati (West Bengal),Kolkata Circle
Tollygunge,Kolkata Circle
Barrackpore (West Bengal),Kolkata Circle
Kankurgachi,Kolkata Circle
Rodkol,Kolkata Circle
Charu Market,Kolkata Circle
Sahid Nagar,Kolkata Circle
Podara,Kolkata Circle
Chandanpukur,Kolkata Circle
Ramrajatala,Kolkata Circle
Salt Lake Sector II,Kolkata Circle
Sovabazar,Kolkata Circle
Rajpur,Kolkata Circle
Salt lake City,Kolkata Circle
"Prince Anwar Shah Road,Kolkata",Kolkata Circle
Harish Mukherjee Road,Kolkata Circle
Kol-Central Cluster,Kolkata Circle
Shibpur,Kolkata Circle
Panchanantala (Howrah) (WB),Kolkata Circle
Central Avenue,Kolkata Circle
Sarat Bose Road (Kolkata),Kolkata Circle
Khardaha,Kolkata Circle
"ACMC Center, Kolkata",Kolkata Circle
Haridevpur,Kolkata Circle
Port Blair,Kolkata Circle
Rishra,Kolkata Circle
Narkeldanga,Kolkata Circle
New Garia,Kolkata Circle
"Agri Business Center, Kolkata",Kolkata Circle
Baidyabati,Kolkata Circle
Narendrapur,Kolkata Circle
CPC - Kolkata,Kolkata Circle
Kestopur,Kolkata Circle
Ichapur,Kolkata Circle
Lansdowne,Kolkata Circle
Jadavpur,Kolkata Circle
Park Circus,Kolkata Circle
Mahestala (West Bengal),Kolkata Circle
Khidderpore,Kolkata Circle
Shankuntala Park,Kolkata Circle
Amta,Kolkata Circle
Pallisree,Kolkata Circle
Budge Budge,Kolkata Circle
ASC - Kolkata,Kolkata Circle
Vivekananda Road,Kolkata Circle
"RSC - Kolkata, (SS)",Kolkata Circle
Sodepur Ghola,Kolkata Circle
Sinthee,Kolkata Circle
Konnagar,Kolkata Circle
Paddapukur,Kolkata Circle
Belghoria,Kolkata Circle
"Ganesh Chandra Avenue, Kolkata",Kolkata Circle
Boral,Kolkata Circle
Domjur,Kolkata Circle
Chetla,Kolkata Circle
Park Street,Kolkata Circle
Seladah,Kolkata Circle
"Salt Lake,Sector III, Kolkata",Kolkata Circle
Gorabazar,Kolkata Circle
Akra Fatak,Kolkata Circle
ASC - Salt Lake Kolkata,Kolkata Circle
Metropolitan,Kolkata Circle
Beliaghata,Kolkata Circle
Duttapukur,Kolkata Circle
Raja Ram Mohan Roy Road,Kolkata Circle
Uttarpara,Kolkata Circle
Mahamayatala,Kolkata Circle
Salkia,Kolkata Circle
Nimta,Kolkata Circle
Entally,Kolkata Circle
Patna East Cluster,Patna Circle
Patna Circle,Patna Circle
Golmuri,Patna Circle
Patna Currency Chest,Patna Circle
Jamshedpur Cluster,Patna Circle
Jamshedpur,Patna Circle
Ranchi (Jharkhand),Patna Circle
Garhwa,Patna Circle
Madhubani,Patna Circle
Patna Service Branch,Patna Circle
Ghatshila,Patna Circle
Sakchi (Jamshedpur),Patna Circle
"Kanke Road, Ranchi",Patna Circle
Chirkunda,Patna Circle
Ramgarh (Jharkhand),Patna Circle
Siwan,Patna Circle
Anirudh Complex,Patna Circle
Patna City,Patna Circle
Khagaria,Patna Circle
City Centre,Patna Circle
Dumka,Patna Circle
JUGSALAI,Patna Circle
Maripur,Patna Circle
Dhanbad Cluster,Patna Circle
Mango,Patna Circle
Banka,Patna Circle
Bokaro,Patna Circle
New Bypass Road,Patna Circle
Mokameh,Patna Circle
"SME Center, Jamshedpur",Patna Circle
Kutchary Road,Patna Circle
Sonari,Patna Circle
Patna,Patna Circle
Bettiah,Patna Circle
"SME Centre, PAT",Patna Circle
Bhagalpur (Bihar),Patna Circle
Harihar Chamber,Patna Circle
Anisabad,Patna Circle
"Boring Road, Patna",Patna Circle
Muzaffarpur (Bihar),Patna Circle
Manpur,Patna Circle
Kuari Buzurg,Patna Circle
Araria,Patna Circle
Chaibasa,Patna Circle
Phusro,Patna Circle
Ranchi Cluster,Patna Circle
Darbhanga,Patna Circle
"SME Centre, Ranchi",Patna Circle
Rajabazar,Patna Circle
Gumia,Patna Circle
Naugachia,Patna Circle
Kanchanpur,Patna Circle
Asoknagar,Patna Circle
ASC - Patna,Patna Circle
KHUNTI,Patna Circle
Bhabhua,Patna Circle
Kodarma,Patna Circle
Godda,Patna Circle
"ACMC Center, Patna - Spoke 1",Patna Circle
Madhepura,Patna Circle
Katihar,Patna Circle
SujataChowk Ranchi,Patna Circle
Jamui,Patna Circle
Deoghar,Patna Circle
Begusarai,Patna Circle
"Agri Business Center, Patna",Patna Circle
Saguna More,Patna Circle
Jehanabad,Patna Circle
Barh,Patna Circle
Basudevpur Chaputa,Patna Circle
CPC - Ranchi,Patna Circle
Samastipur,Patna Circle
Lakhisarai,Patna Circle
"Saraidhela, Dhanbad",Patna Circle
Dhanbad,Patna Circle
"Mohdinagar, Bhagalpur",Patna Circle
Nawada,Patna Circle
Arwal,Patna Circle
Giridih,Patna Circle
Sheikhpura,Patna Circle
Hajipur,Patna Circle
Supaul,Patna Circle
Sahibganj,Patna Circle
Purnia,Patna Circle
"Aurangabad, Bihar",Patna Circle
Chas,Patna Circle
"KUMHRAR, PATNA",Patna Circle
"SME Center,Jamshedpur",Patna Circle
Bariatu,Patna Circle
Kishanganj,Patna Circle
Jhanjharpur,Patna Circle
Bhagalpur Cluster,Patna Circle
Dehri On Sone,Patna Circle
Muzaffarpur Cluster,Patna Circle
Patliputra Colony,Patna Circle
Laheria Sarai,Patna Circle
Buxar,Patna Circle
Lohardaga,Patna Circle
Gaya (Bihar),Patna Circle
Ashok Rajpath,Patna Circle
Patratu,Patna Circle
Rajendranagar Branch,Patna Circle
Danapur,Patna Circle
Digha,Patna Circle
Motihari,Patna Circle
Gumla,Patna Circle
Gamaria,Patna Circle
Darveshpur,Patna Circle
Hazaribagh,Patna Circle
Jamtara,Patna Circle
Arrah,Patna Circle
Ratu Road,Patna Circle
Abulhasanpur,Patna Circle
Daltonganj,Patna Circle
Chapra,Patna Circle
Chatra,Patna Circle
Kankarbagh,Patna Circle
Biharsharif,Patna Circle
Gopinathpur Dokra,Patna Circle
Devkuli,Patna Circle
Sasaram,Patna Circle
Sitamarhi,Patna Circle
"Ashiana Digha, Patna",Patna Circle
Saharsa,Patna Circle
Patna Cluster,Patna Circle
Majithi,Patna Circle
ASC - Ranchi,Patna Circle
Daulatpur Dewaria,Patna Circle
Munger,Patna Circle
"Kantatoli, Ranchi",Patna Circle
ASC - Jamshedpur,Patna Circle
CPC - Patna,Patna Circle
ASC - Dhanbad,Patna Circle
Raipur Circle,Raipur Circle
Raigarh (Chhattisgarh),Raipur Circle
Durg Cluster,Raipur Circle
Jabalpur (M.P),Raipur Circle
Khurai,Raipur Circle
Bilaspur Cluster,Raipur Circle
Telibandha Square,Raipur Circle
Sidhi,Raipur Circle
"SME Center,Raipur",Raipur Circle
Rajnandgaon (Chattisgarh),Raipur Circle
Kharsia,Raipur Circle
Jagdalpur,Raipur Circle
Dhamtari,Raipur Circle
SATNA,Raipur Circle
Nehru Nagar Square,Raipur Circle
Samta Colony,Raipur Circle
ASC - Raipur,Raipur Circle
Raipur Cluster,Raipur Circle
Jabalpur Cluster,Raipur Circle
Korba (Chattisgarh),Raipur Circle
Ambikapur,Raipur Circle
Mahasamund,Raipur Circle
Rewa (Madhya Pradesh),Raipur Circle
Katni (Madhya Pradesh),Raipur Circle
Abhanpur Branch,Raipur Circle
Mangla Chowk,Raipur Circle
Basin,Raipur Circle
Raipur (Chhatisgarh),Raipur Circle
Gudhiyari,Raipur Circle
Seepat Road,Raipur Circle
Akaltara,Raipur Circle
Champa Branch,Raipur Circle
Maihar,Raipur Circle
Tulsi,Raipur Circle
Bhatapara,Raipur Circle
Devendra Nagar,Raipur Circle
Vyapar Vihar,Raipur Circle
Bilaspur,Raipur Circle
Jamnipali,Raipur Circle
Damohnaka,Raipur Circle
Bhilai,Raipur Circle
Baloda Bazar,Raipur Circle
Shahdol,Raipur Circle
Hatmudi,Raipur Circle
G E Road,Raipur Circle
Madan Mahal,Raipur Circle
"Durg, Chattisgarh",Raipur Circle
Raipur Currency Chest,Raipur Circle
Jhilmila,Raipur Circle
Dalli Rajhara,Raipur Circle
Damoh,Raipur Circle
Tikamgarh,Raipur Circle
Waidhan,Raipur Circle
"Agri Business Center, Raipur",Raipur Circle
Manendragarh,Raipur Circle
Dunda,Raipur Circle
Kawardha,Raipur Circle
Seoni,Raipur Circle
Gariyaband,Raipur Circle
"Chandkuri, Durg",Raipur Circle
Sagar,Raipur Circle
"Tagore Nagar, Raipur",Raipur Circle
Narsimhapur,Raipur Circle
Chindwara,Raipur Circle
Bina,Raipur Circle
Rajim,Raipur Circle
Saraipali,Raipur Circle
Panna,Raipur Circle
Mungeli,Raipur Circle
Dongarparasia,Raipur Circle
Surajpur,Raipur Circle
Sakti,Raipur Circle
Urla,Raipur Circle
Singrauli,Raipur Circle
Chhatarpur,Raipur Circle
Mandla,Raipur Circle
"Jairamnagar,Bilaspur",Raipur Circle
Dipka,Raipur Circle
Majhouli,Raipur Circle
Balaghat,Raipur Circle
Jashpurnagar,Raipur Circle
Korba Cluster,Raipur Circle
Rajendra Nagar-Bilaspur,Raipur Circle
Kanker,Raipur Circle
ASC - Bilaspur,Raipur Circle
Dongargarh,Raipur Circle
CPC - Raipur,Raipur Circle
ASC - Jabalpur,Raipur Circle
Shahpura,Raipur Circle
CPC - Jabalpur,Raipur Circle
Siliguri Currency Chest,West Bengal Circle
West Bengal Circle,West Bengal Circle
Fulia,West Bengal Circle
"Singur, West Bengal",West Bengal Circle
Jaigaon,West Bengal Circle
Shyamnagar,West Bengal Circle
Krishnanagar,West Bengal Circle
Hill Cart Road,West Bengal Circle
Dhupguri,West Bengal Circle
Raiganj (West Bengal),West Bengal Circle
Diamond Harbour (West Bengal),West Bengal Circle
Balurghat (West Bengal),West Bengal Circle
New Barrackpore,West Bengal Circle
Burdwan,West Bengal Circle
Memari (West Bengal),West Bengal Circle
Masat,West Bengal Circle
Habra,West Bengal Circle
Arambagh (West Bengal),West Bengal Circle
Tarakeswar,West Bengal Circle
Naihati Cluster,West Bengal Circle
Bongaon,West Bengal Circle
Jiaganj,West Bengal Circle
Pandua,West Bengal Circle
Panagarh,West Bengal Circle
Khagra,West Bengal Circle
Midnapur (West Bengal),West Bengal Circle
Tamluk-West Bengal,West Bengal Circle
Nabadwip,West Bengal Circle
Siliguri,West Bengal Circle
Nakshalbari,West Bengal Circle
Bagnan,West Bengal Circle
Jalpaiguri (West Bengal),West Bengal Circle
"Jaynagar, Mazilpur",West Bengal Circle
Raghunathganj,West Bengal Circle
Sheoraphuli,West Bengal Circle
Siliguri Service Branch,West Bengal Circle
Katwa (West Bengal),West Bengal Circle
Canning,West Bengal Circle
Maslandpur,West Bengal Circle
Sainthia,West Bengal Circle
Bolpur,West Bengal Circle
Contai (West Bengal),West Bengal Circle
Haripal,West Bengal Circle
Koch Bihar (West Bengal),West Bengal Circle
Kandi,West Bengal Circle
Kulti,West Bengal Circle
Murgasol,West Bengal Circle
Naihati,West Bengal Circle
Andul,West Bengal Circle
North Bengal & Sikkim Cluster,West Bengal Circle
Malda (West Bengal),West Bengal Circle
Andal,West Bengal Circle
Dalkhola,West Bengal Circle
Haldia (West Bengal),West Bengal Circle
Rampurhat,West Bengal Circle
Bidhannagar,West Bengal Circle
Burnpur,West Bengal Circle
"Benachity, Durgapur",West Bengal Circle
Chandrakona Road,West Bengal Circle
Kalna (West Bengal),West Bengal Circle
Ranipool,West Bengal Circle
Guskara,West Bengal Circle
Raniganj,West Bengal Circle
Bankura (West Bengal),West Bengal Circle
Siliguri Cluster,West Bengal Circle
Ranaghat,West Bengal Circle
Puruliya (West Bengal),West Bengal Circle
"Bhangakuthi, Burdwan",West Bengal Circle
Suri (West Bengal),West Bengal Circle
"Kalimpong, West Bengal",West Bengal Circle
Basirhat,West Bengal Circle
Asansol-West Bengal,West Bengal Circle
Dinhata,West Bengal Circle
Uluberia,West Bengal Circle
Ashoknagar,West Bengal Circle
Namchi,West Bengal Circle
Gangtok,West Bengal Circle
ASC - Durgapur,West Bengal Circle
Darjeeling (West Bengal),West Bengal Circle
Siliguri (Baghajatin Park),West Bengal Circle
Rangpo (Sikkim),West Bengal Circle
Chakdaha,West Bengal Circle
ASC - Siliguri,West Bengal Circle
Farakka,West Bengal Circle
Baharampur,West Bengal Circle
Panskura,West Bengal Circle
Kanchrapara Branch,West Bengal Circle
Binnaguri,West Bengal Circle
Islampur,West Bengal Circle
Kharagpur,West Bengal Circle
Alipurduar,West Bengal Circle
Station Road Krishnanagar,West Bengal Circle
Kurseong,West Bengal Circle
CPC - Siliguri,West Bengal Circle
Station Bazar Durgapur,West Bengal Circle
Bishnupur,West Bengal Circle
Gyalshing,West Bengal Circle
Kakdwip,West Bengal Circle
Jhargram,West Bengal Circle
Durgapur,West Bengal Circle
SF Road,West Bengal Circle
Asansol S.B Gorai Road,West Bengal Circle
Gayeshpur,West Bengal Circle
English Bazar,West Bengal Circle
Dehradun Circle,Dehradun Circle
Agra Cluster,Dehradun Circle
Agra (Uttar Pradesh),Dehradun Circle
"GMS Road , Dehradun",Dehradun Circle
Hapur,Dehradun Circle
Talli Haldwan (Uttarakhand),Dehradun Circle
Agra Currency Chest,Dehradun Circle
Aligarh (Uttar Pradesh),Dehradun Circle
Dehradun Cluster,Dehradun Circle
Atrauli,Dehradun Circle
Meerut,Dehradun Circle
Rudrapur,Dehradun Circle
Nagla Rai,Dehradun Circle
Roorkee (Uttaranchal),Dehradun Circle
Khurja,Dehradun Circle
Kashipur (Uttatanchal),Dehradun Circle
Moradabad (Uttar Pradesh),Dehradun Circle
Pandri (Uttarakhand),Dehradun Circle
Bareilly,Dehradun Circle
Goverdhan Chowk,Dehradun Circle
Meerut III,Dehradun Circle
Farrukhabad,Dehradun Circle
"Muzaffarnagar, Uttar Pradesh",Dehradun Circle
"Etawah , Uttar Pradesh",Dehradun Circle
Garh Road,Dehradun Circle
Dehradun,Dehradun Circle
"SME Centre, Meerut",Dehradun Circle
Modinagar,Dehradun Circle
Haridwar (Uttaranchal),Dehradun Circle
Khatima,Dehradun Circle
Dhampur,Dehradun Circle
Pilibhit,Dehradun Circle
Kichha,Dehradun Circle
"SHIVALIK NAGAR, HARIDWAR",Dehradun Circle
Shahganj,Dehradun Circle
ASC - Agra,Dehradun Circle
Meerut Currency Chest,Dehradun Circle
Najibabad,Dehradun Circle
Meerut  Cluster,Dehradun Circle
Aonla,Dehradun Circle
ASC - Dehradun,Dehradun Circle
Shankerpur Hakumatpur,Dehradun Circle
Mainpuri,Dehradun Circle
Bhaisia,Dehradun Circle
Moradabad Cluster,Dehradun Circle
"Chakrata Road, Dehradun",Dehradun Circle
Nainital,Dehradun Circle
"Shahjahanpur, Uttar Pradesh",Dehradun Circle
CPC - Dehradun,Dehradun Circle
Deoband,Dehradun Circle
Vrindavan,Dehradun Circle
Rudrapur Cluster,Dehradun Circle
"Delhi Road, Moradabad",Dehradun Circle
Rishikesh,Dehradun Circle
Puranpur,Dehradun Circle
Barielly Cluster,Dehradun Circle
Kosikalan,Dehradun Circle
Shivlalpur Pandey,Dehradun Circle
"Rampur Road, Bilaspur",Dehradun Circle
Deen Dayal Puram,Dehradun Circle
"Kamla Nagar, Agra",Dehradun Circle
Gangoowala,Dehradun Circle
Baheri,Dehradun Circle
Bazpur (Uttarakhand),Dehradun Circle
Haldwani,Dehradun Circle
"Haridwar Road, Dehradun",Dehradun Circle
Almora,Dehradun Circle
Saharanpur (Uttar Pradesh),Dehradun Circle
Shikohabad,Dehradun Circle
Kotdwar,Dehradun Circle
Mathura (Uttar Pradesh),Dehradun Circle
Etah,Dehradun Circle
"Rampur, Uttar Pradesh",Dehradun Circle
Pilkhuwa,Dehradun Circle
Sirsaganj,Dehradun Circle
Bhaisana,Dehradun Circle
Baghpat,Dehradun Circle
Amroha,Dehradun Circle
Taj Link Road (Agra),Dehradun Circle
Vikasnagar,Dehradun Circle
Pallavpuram,Dehradun Circle
Gajraula,Dehradun Circle
Ganga Nagar Meerut,Dehradun Circle
Sikandara,Dehradun Circle
Agra Road,Dehradun Circle
JAHANGIRABAD,Dehradun Circle
Khutar Khas,Dehradun Circle
Ismailpur,Dehradun Circle
Hathras,Dehradun Circle
Badaun,Dehradun Circle
Firozabad,Dehradun Circle
Hing Ki Mandi,Dehradun Circle
Kaimganj,Dehradun Circle
Kasganj,Dehradun Circle
Makkhanpur,Dehradun Circle
Bijnor,Dehradun Circle
Baraut,Dehradun Circle
Richhola Kifayatullah,Dehradun Circle
Shamli,Dehradun Circle
Jalesar,Dehradun Circle
Nagina,Dehradun Circle
Mussoorie (Uttarakhand),Dehradun Circle
Bulandsahar,Dehradun Circle
Bisalpur,Dehradun Circle
Khatauli,Dehradun Circle
Chandausi,Dehradun Circle
Badrinath Road Srinagar,Dehradun Circle
BHAGWAN TALKIES AGRA (UP),Dehradun Circle
Sambhal,Dehradun Circle
Bhawanpur,Dehradun Circle
Gurgawan,Dehradun Circle
CPC - Agra,Dehradun Circle
ASC - Bareilly,Dehradun Circle
CPC - Meerut,Dehradun Circle
ASC - Moradabad,Dehradun Circle
ASC - Meerut,Dehradun Circle
"SME Centre, AGR",Dehradun Circle
NOIDA Cluster,Delhi Circle
"Corporate Banking Branch (CBB), Delhi",Delhi Circle
"143_Internal Audit (IAO), New Delhi",Delhi Circle
Delhi Circle,Delhi Circle
"East Of Kailash, Delhi",Delhi Circle
"Shadley Public School, Rajouri Garden",Delhi Circle
Gurgaon,Delhi Circle
Human Resources - North Hub,Delhi Circle
Yamuna Vihar,Delhi Circle
New Delhi Currency Chest,Delhi Circle
New Delhi,Delhi Circle
"ACMC Center, Delhi",Delhi Circle
Ballabhgarh,Delhi Circle
"Mansarovar Garden, New Delhi",Delhi Circle
Faridabad Cluster,Delhi Circle
Noida - II (Uttar Pradesh),Delhi Circle
"SME-Geography,North",Delhi Circle
Ashoka Niketan,Delhi Circle
Janakpuri,Delhi Circle
West Delhi Cluster,Delhi Circle
"Ring Road, Lajpat Nagar IV",Delhi Circle
Hudson Line,Delhi Circle
New Delhi Service Branch,Delhi Circle
Sadar Bazar,Delhi Circle
Mayur Vihar III,Delhi Circle
"Gurgaon, Sector 49",Delhi Circle
Swasthya Vihar-New Delhi,Delhi Circle
ASC - Delhi,Delhi Circle
Central Delhi Cluster,Delhi Circle
Shastri Nagar,Delhi Circle
"Faridabad,Haryana",Delhi Circle
"Sector-29, Gurgaon",Delhi Circle
Rohini (Delhi),Delhi Circle
Rajouri Garden,Delhi Circle
Greenpark,Delhi Circle
Shakti Nagar-New Delhi,Delhi Circle
"Regional Office (BB), New Delhi",Delhi Circle
DLF-Gurgaon (Haryana),Delhi Circle
Naraina Vihar,Delhi Circle
Punjabi Bagh (New Delhi),Delhi Circle
Krishna Nagar Delhi,Delhi Circle
Chittaranjan Park (New Delhi),Delhi Circle
"Training Centre, Jhandewalan",Delhi Circle
"Sector-29, Faridabad",Delhi Circle
Palwal (Haryana),Delhi Circle
Daryaganj Delhi,Delhi Circle
Paschim Vihar (Newdelhi),Delhi Circle
"Moti Nagar, New Delhi",Delhi Circle
Sector 54 Gurgaon,Delhi Circle
Lajpatnagar (New Delhi),Delhi Circle
Karol Bagh Delhi,Delhi Circle
"Guru Dronacharya, Gurgaon",Delhi Circle
"Sector 51, Noida",Delhi Circle
Ghaziabad (Uttar Pradesh),Delhi Circle
East Patel Nagar,Delhi Circle
"Gurgaon, Sector 10A",Delhi Circle
"Shahdara, Delhi",Delhi Circle
Indirapuram,Delhi Circle
Tri Nagar,Delhi Circle
Sector 62 (Noida),Delhi Circle
Sector 15 Gurgaon,Delhi Circle
South Delhi Cluster,Delhi Circle
CPC - Delhi,Delhi Circle
North West Delhi Cluster,Delhi Circle
"Jhandewalan Extension, New Delhi",Delhi Circle
"SME Centre, DEL2",Delhi Circle
Vasant Vihar (New Delhi),Delhi Circle
Palam (Delhi),Delhi Circle
"Azadpur, Delhi",Delhi Circle
East Delhi Cluster,Delhi Circle
Kirti Nagar (New Delhi),Delhi Circle
"Mayur Vihar, New Delhi",Delhi Circle
"Sector 7, Rohini (Delhi)",Delhi Circle
Vaishali,Delhi Circle
"Noida, Sector 16",Delhi Circle
"Sector 31, Gurgaon",Delhi Circle
Vikaspuri,Delhi Circle
"Sector 7, Dwarka",Delhi Circle
"Mukherjee Nagar, Delhi",Delhi Circle
Palam Vihar,Delhi Circle
Safdarjung Encalve,Delhi Circle
"M.G.Road, Gurgaon",Delhi Circle
"Lok Vihar, New Delhi",Delhi Circle
Dwarka Mor,Delhi Circle
Prashant Vihar,Delhi Circle
Saket New Delhi,Delhi Circle
HUDA COMPLEX SEC 15 GURGAON,Delhi Circle
"Sector-1, Noida",Delhi Circle
"Sector-44, Noida",Delhi Circle
Chandni Chowk (Delhi),Delhi Circle
ASC - Noida,Delhi Circle
Pitampura,Delhi Circle
"Udyog Vihar, Gurgaon",Delhi Circle
"Navyug Market, Ghaziabad",Delhi Circle
Greater Noida,Delhi Circle
"Dwarka, Delhi",Delhi Circle
"Sector 24, Rohini",Delhi Circle
Ashok Vihar,Delhi Circle
Nangloi,Delhi Circle
Jyoti Nagar,Delhi Circle
Nehru Place,Delhi Circle
Sector 16 Faridabad,Delhi Circle
I P Extension,Delhi Circle
Sahibabad,Delhi Circle
Muradnagar,Delhi Circle
"D.B.Gupta Road, New Delhi",Delhi Circle
SECTOR-40 GURGAON,Delhi Circle
"Gandhi Nagar, Delhi",Delhi Circle
Mahipalpur,Delhi Circle
Connaught Place,Delhi Circle
Malviya Nagar N Delhi,Delhi Circle
"SECTOR-5, GURGAON",Delhi Circle
"SME Centre, DEL1",Delhi Circle
"Derawal Nagar,New Delhi",Delhi Circle
Rajinder Nagar Delhi,Delhi Circle
Defence Colony (New Delhi),Delhi Circle
Janakpuri West,Delhi Circle
Meera Bagh (New Delhi),Delhi Circle
"Sector 37, Faridabad",Delhi Circle
Dilshad Colony,Delhi Circle
Vasundhara,Delhi Circle
Rajouri Garden J Block,Delhi Circle
"Tilak Nagar, Delhi",Delhi Circle
Vasant Kunj (New Delhi),Delhi Circle
"Qutub Plaza,Gurgaon",Delhi Circle
"Sector 15, Rohini",Delhi Circle
East Punjabi Bagh,Delhi Circle
Shalimar Bagh (Delhi),Delhi Circle
"Geeta Colony, New Delhi",Delhi Circle
Manesar,Delhi Circle
West Enclave,Delhi Circle
Hauz Khas,Delhi Circle
"SECTOR-3, ROHIN OD DL",Delhi Circle
Uttam Nagar,Delhi Circle
"Laxmi Nagar, Delhi",Delhi Circle
"SME Centre, GURGAON",Delhi Circle
"Sector110, Noida",Delhi Circle
"New Railway Road, Gurgaon",Delhi Circle
"Civil Lines, Delhi",Delhi Circle
Bali Nagar,Delhi Circle
Kashmere Gate,Delhi Circle
Nazafgarh (New Delhi),Delhi Circle
Greater Kailash-II (New Delhi),Delhi Circle
Model Town (Delhi),Delhi Circle
 Janak Puri A Block,Delhi Circle
"West Patel Nagar, New Delhi",Delhi Circle
Shakti Nagar Extension,Delhi Circle
CPC - Faridabad,Delhi Circle
Adhchini,Delhi Circle
"Green Field Colony, Faridabad",Delhi Circle
"Sector-46, Gurgaon",Delhi Circle
Paschim Enclave,Delhi Circle
"Vishwas Nagar, Shahdara",Delhi Circle
Sector-55 Faridabad,Delhi Circle
ASC - Delhi West,Delhi Circle
Sarojini Nagar,Delhi Circle
"SADAR BAZAAR, GURGAON",Delhi Circle
Burari,Delhi Circle
Khan Market (New Delhi),Delhi Circle
"Roshanara Road, New Delhi",Delhi Circle
Mayur VIhar Phase I,Delhi Circle
"Raj Nagar, Ghaziabad",Delhi Circle
New Friends Colony,Delhi Circle
CPC - Gurgaon,Delhi Circle
"Sector-22, Gurgaon",Delhi Circle
VIKASPURI A-BLOCK DELHI,Delhi Circle
"Avantika, Rohini",Delhi Circle
Kalkaji,Delhi Circle
Kapashera,Delhi Circle
"Sushant Lok, Gurgaon",Delhi Circle
Lajwanti Garden,Delhi Circle
Jasola,Delhi Circle
R K Mission,Delhi Circle
CPC - Noida,Delhi Circle
" Jail Road , Hari Nagar",Delhi Circle
Mundka,Delhi Circle
Karkardooma (Delhi),Delhi Circle
"Okhla Phase I, New Delhi",Delhi Circle
Narela,Delhi Circle
"Sector-17, Gurgaon",Delhi Circle
Sanjay Gandhi Transport Nagar,Delhi Circle
MP Enclave,Delhi Circle
ASC - Gurgaon,Delhi Circle
"SECTOR-18, ROHINI",Delhi Circle
"Pooth Kalan, Delhi",Delhi Circle
Mohan Co-Operative,Delhi Circle
"Rosewood City, Gurgaon",Delhi Circle
Sohna,Delhi Circle
ASC - Delhi South,Delhi Circle
Pataudi,Delhi Circle
"CCSU, Ballabhgarh",Delhi Circle
Pushp Vihar,Delhi Circle
Hodal,Delhi Circle
Sector-21C Faridabad,Delhi Circle
Chawri Bazaar,Delhi Circle
"Bawana, Delhi",Delhi Circle
"Deepali Enclave, New Delhi",Delhi Circle
SOUTH EXTENSION DELHI,Delhi Circle
Sector-12 Noida,Delhi Circle
Dadri,Delhi Circle
"Sector 57, Gurgaon",Delhi Circle
"Laxmi Bazar, Gurgaon",Delhi Circle
"Sector-12B, Dwarka",Delhi Circle
Paharganj,Delhi Circle
CPC - Ghaziabad,Delhi Circle
MEHRAULI DELHI,Delhi Circle
ASC - Ghaziabad,Delhi Circle
ASC - Faridabad,Delhi Circle
ASC - Sec 14 Gurgaon,Delhi Circle
Jaipur Circle,Jaipur Circle
Tilak Nagar,Jaipur Circle
Jaipur 2 Cluster,Jaipur Circle
Sikar,Jaipur Circle
Sri Madhopur,Jaipur Circle
"SME Center, Jaipur",Jaipur Circle
Alwar Cluster,Jaipur Circle
Vidhyadhar Nagar,Jaipur Circle
Jaipur 1 Cluster,Jaipur Circle
Jaipur,Jaipur Circle
"Agri Business Center, Jaipur",Jaipur Circle
Mansarovar,Jaipur Circle
Neem Ka Thana,Jaipur Circle
Jaipur Currency Chest,Jaipur Circle
Jodhpur,Jaipur Circle
Ajmer (Rajasthan),Jaipur Circle
Civil Lines,Jaipur Circle
"Paota, Jodhpur",Jaipur Circle
Hiran Magri,Jaipur Circle
Mukandgarh,Jaipur Circle
Alwar (Rajasthan),Jaipur Circle
ASC - Jodhpur,Jaipur Circle
Gopalpura,Jaipur Circle
Abu Road,Jaipur Circle
Kota Udaipur Cluster,Jaipur Circle
Tonk Road,Jaipur Circle
"Bhiwadi, Rajasthan",Jaipur Circle
"Bhaghat Singh Colony, Bhiwadi",Jaipur Circle
Kota,Jaipur Circle
"Malviya Nagar, Jaipur",Jaipur Circle
Udaipur (Rajasthan),Jaipur Circle
Kishangarh,Jaipur Circle
Kotputli,Jaipur Circle
"Olympic Tower, Jodhpur",Jaipur Circle
Baran,Jaipur Circle
Jaisalmer,Jaipur Circle
ASC - Jaipur,Jaipur Circle
Beawar,Jaipur Circle
Nagaur,Jaipur Circle
Dausa,Jaipur Circle
Khatoo Shyamji,Jaipur Circle
Merta City,Jaipur Circle
Bhilwara,Jaipur Circle
Sanganer (Jaipur),Jaipur Circle
Chirawa,Jaipur Circle
Chittaurgarh,Jaipur Circle
ASC - Bhiwadi,Jaipur Circle
Tonk,Jaipur Circle
"SME Centre, JDH",Jaipur Circle
Udaipole,Jaipur Circle
Jhotwara,Jaipur Circle
CPC - Jodhpur,Jaipur Circle
ASC - Udaipur,Jaipur Circle
Sanganeri Gate,Jaipur Circle
CPC - Jaipur,Jaipur Circle
Tijara,Jaipur Circle
Jhunjhunu,Jaipur Circle
Pilibanga,Jaipur Circle
Nohar,Jaipur Circle
Peepliya,Jaipur Circle
Bundi,Jaipur Circle
Vaishali Nagar (Jaipur),Jaipur Circle
Hanumangarh,Jaipur Circle
Banswara,Jaipur Circle
Talwandi Kota,Jaipur Circle
Sriganganagar,Jaipur Circle
Mahwa,Jaipur Circle
Swej Farm,Jaipur Circle
Rawatsar,Jaipur Circle
Jodhpur Cluster,Jaipur Circle
Phalodi,Jaipur Circle
Neemrana,Jaipur Circle
Losal,Jaipur Circle
Jhalawar,Jaipur Circle
Jalore Branch,Jaipur Circle
Jagatpura,Jaipur Circle
Rawatbhata (Rajasthan),Jaipur Circle
Sujangarh,Jaipur Circle
Fatehpur,Jaipur Circle
Bharatpur,Jaipur Circle
Pali,Jaipur Circle
Bikaner (Rajasthan),Jaipur Circle
Lalsot,Jaipur Circle
Reengus,Jaipur Circle
Sawai Madhopur,Jaipur Circle
Nadbai,Jaipur Circle
Khandela,Jaipur Circle
Pipar City,Jaipur Circle
"E-90A, Balotra",Jaipur Circle
Nokha,Jaipur Circle
Khairthal,Jaipur Circle
Behror,Jaipur Circle
Sagwara,Jaipur Circle
Dungarpur,Jaipur Circle
Ramgarh Branch,Jaipur Circle
Rajgarh,Jaipur Circle
Bhadra,Jaipur Circle
Sardarshahar,Jaipur Circle
Sitapura Jaipur,Jaipur Circle
Nathdwara,Jaipur Circle
Barmer,Jaipur Circle
Didwana,Jaipur Circle
Bani Park Branch,Jaipur Circle
Gangaganagar,Jaipur Circle
Bandikui,Jaipur Circle
Mandawa,Jaipur Circle
Suratgarh,Jaipur Circle
Bayana,Jaipur Circle
Bilara,Jaipur Circle
Nagar,Jaipur Circle
Lachhmangarh,Jaipur Circle
Kherli,Jaipur Circle
Deeg,Jaipur Circle
Pratapgarh,Jaipur Circle
Churu,Jaipur Circle
Sumerpur,Jaipur Circle
CPC - Udaipur,Jaipur Circle
Kishangarh Bas,Jaipur Circle
Sangaria Branch,Jaipur Circle
ASC - Kota,Jaipur Circle
Sriganganagar Cluster,Jaipur Circle
CPC - Bikaner,Jaipur Circle
Pilani,Jaipur Circle
Katariyasar,Jaipur Circle
Ajmer,Jaipur Circle
Bhilwara,Jaipur Circle
ASC - Bikaner,Jaipur Circle
"SME Center, Lucknow",Lucknow Circle
Gorakhpur Cluster,Lucknow Circle
Lucknow Circle,Lucknow Circle
Lucknow Currency Chest,Lucknow Circle
Lucknow,Lucknow Circle
Kakdeo,Lucknow Circle
Palia Kalan,Lucknow Circle
Maharajganj,Lucknow Circle
Lucknow 1 Cluster,Lucknow Circle
Akbarpur,Lucknow Circle
Aashiana,Lucknow Circle
Bhitti,Lucknow Circle
Unnao,Lucknow Circle
Allahabad (Uttar Pradesh),Lucknow Circle
Azamgarh (Uttar Pradesh),Lucknow Circle
Barabanki,Lucknow Circle
Ramkatora,Lucknow Circle
Swaroop Nagar,Lucknow Circle
Lakhanpur,Lucknow Circle
Alambagh,Lucknow Circle
Lucknow Cluster,Lucknow Circle
Varanasi (Uttar Pradesh),Lucknow Circle
Sultanpur,Lucknow Circle
Rajajipuram,Lucknow Circle
"Chowk, Varanasi",Lucknow Circle
Varanasi Currency Chest,Lucknow Circle
"Teliarganj, Allahabad",Lucknow Circle
Kanpur,Lucknow Circle
Fatehpur,Lucknow Circle
"Medical College Road, Gorakhpur",Lucknow Circle
Rai Bareli,Lucknow Circle
Indira Nagar (Lucknow),Lucknow Circle
"Bansi, Uttar Pradesh",Lucknow Circle
Halsey Road,Lucknow Circle
"Lanka , Uttar Pradesh",Lucknow Circle
Renukoot,Lucknow Circle
Munshi Pulia,Lucknow Circle
Kanpur Cluster,Lucknow Circle
Bhadohi,Lucknow Circle
"Hewett Road,Lucknow",Lucknow Circle
Basti,Lucknow Circle
Konch,Lucknow Circle
"P-Road, Kanpur",Lucknow Circle
ASC - Lucknow,Lucknow Circle
"Chowk, Allahabad",Lucknow Circle
Lucknow Service Cell,Lucknow Circle
Maunath Bhanjan,Lucknow Circle
Padrauna,Lucknow Circle
"Khalilabad, Uttar Pradesh",Lucknow Circle
Kanayatpur,Lucknow Circle
Deoria,Lucknow Circle
Vikas Nagar,Lucknow Circle
Shastri Nagar,Lucknow Circle
Aliganj,Lucknow Circle
Hardattpur,Lucknow Circle
Gomti Nagar,Lucknow Circle
CPC - Lucknow,Lucknow Circle
Auraiya,Lucknow Circle
Bharwara,Lucknow Circle
Lakhimpur-Kheri,Lucknow Circle
Banda,Lucknow Circle
Hardoi,Lucknow Circle
"Maqbool Alam Road, Varanasi",Lucknow Circle
Varanasi Cluster,Lucknow Circle
Ganeshpur Rahamanpur,Lucknow Circle
Transport Nagar,Lucknow Circle
Bilhaur Dehat,Lucknow Circle
Laharpur,Lucknow Circle
Jalaun,Lucknow Circle
Mubarakpur,Lucknow Circle
Mugalsarai,Lucknow Circle
Shivpur,Lucknow Circle
Gonda,Lucknow Circle
Gulariha,Lucknow Circle
Balrampur,Lucknow Circle
Jhansi (Uttar Pradesh),Lucknow Circle
Vibhuti Khand,Lucknow Circle
Shahabad,Lucknow Circle
Pratapgarh,Lucknow Circle
"Sitapur, Uttar Pradesh",Lucknow Circle
Amethia Salempur,Lucknow Circle
Mahoba,Lucknow Circle
Faizabad (Uttar Pradesh),Lucknow Circle
"Mauranipur, Uttar Pradesh",Lucknow Circle
Jhansi Cluster,Lucknow Circle
"Mahmoorganj, Uttar Pradesh",Lucknow Circle
Ayodhya,Lucknow Circle
Bahraich,Lucknow Circle
Mirzapur (Uttar Pradesh),Lucknow Circle
Orai,Lucknow Circle
Ballia,Lucknow Circle
Nirala Nagar,Lucknow Circle
Jajmau,Lucknow Circle
Ghazipur,Lucknow Circle
Kannauj,Lucknow Circle
Lalitpur,Lucknow Circle
Kanpur Road,Lucknow Circle
Gorakhpur (Uttar Pradesh),Lucknow Circle
Mohammadpur Chauki,Lucknow Circle
Jaunpur,Lucknow Circle
Gorakhnath,Lucknow Circle
Dharampur,Lucknow Circle
Chibramau,Lucknow Circle
Kidwai Nagar,Lucknow Circle
Sandila,Lucknow Circle
ASC - Varanasi,Lucknow Circle
Mahmudabad,Lucknow Circle
Wazidpur,Lucknow Circle
"Gola Gokarnnath, Uttar Pradesh",Lucknow Circle
Rath,Lucknow Circle
Gangaghat,Lucknow Circle
Ghatmpur,Lucknow Circle
CPC - Allahabad,Lucknow Circle
Uriyara,Lucknow Circle
Ramel Bangar,Lucknow Circle
ASC - Kanpur,Lucknow Circle
ASC - Jhansi,Lucknow Circle
Panchkula Circle,Panchkula Circle
Panchkula,Panchkula Circle
Rohtak Cluster,Panchkula Circle
Kurukshetra (Haryana),Panchkula Circle
Hissar Cluster,Panchkula Circle
"G S Marg, Jammu",Panchkula Circle
Panipat,Panchkula Circle
Jhajjar,Panchkula Circle
Basdhara,Panchkula Circle
Bahadurgarh,Panchkula Circle
Narnaul,Panchkula Circle
Kullu,Panchkula Circle
Karnal (Haryana),Panchkula Circle
Dhurkara,Panchkula Circle
Nanaud,Panchkula Circle
"Sector 3, Karnal",Panchkula Circle
Ram Saran Majra,Panchkula Circle
Palri Kalan,Panchkula Circle
Tibbi Majra,Panchkula Circle
Chak Pauni Wand,Panchkula Circle
Jind Cluster,Panchkula Circle
Jammu,Panchkula Circle
Badhawar,Panchkula Circle
Fatehabad,Panchkula Circle
Adampur,Panchkula Circle
Rewari,Panchkula Circle
Badkhalsa,Panchkula Circle
Kanipla Branch,Panchkula Circle
Phalora Nagbani,Panchkula Circle
Dobh,Panchkula Circle
Budha,Panchkula Circle
Jakhal,Panchkula Circle
Kalka,Panchkula Circle
Ghespur,Panchkula Circle
Rohtak,Panchkula Circle
Srinagar Cluster,Panchkula Circle
Ambala Cantonment(Haryana),Panchkula Circle
HISSAR SECTOR-14 (HARYANA),Panchkula Circle
Una,Panchkula Circle
Taranwali,Panchkula Circle
Jalubi,Panchkula Circle
"MDC, Sector 5, Panchkula",Panchkula Circle
Charkhi Dadri Branch,Panchkula Circle
Kheri Lochab,Panchkula Circle
Hissar (Haryana),Panchkula Circle
Sarai Aurangabad,Panchkula Circle
Sadaura (Haryana),Panchkula Circle
Anantnag,Panchkula Circle
Shahpur,Panchkula Circle
Kaithal (Haryana),Panchkula Circle
Panchkula Cluster,Panchkula Circle
Karnal Cluster,Panchkula Circle
Kangthali Branch,Panchkula Circle
Jind,Panchkula Circle
"SME Centre, HSR",Panchkula Circle
Sonipat Cluster,Panchkula Circle
Danoda Khurd,Panchkula Circle
Sirsa,Panchkula Circle
Tohana,Panchkula Circle
Ambala Cluster,Panchkula Circle
Ratia,Panchkula Circle
Bhiwani (Haryana),Panchkula Circle
Rawaldhi,Panchkula Circle
"Sec 13,Hissar",Panchkula Circle
"Yamuna Nagar,Haryana",Panchkula Circle
"Sector 20, Panchkula",Panchkula Circle
Magharpura,Panchkula Circle
Shimla,Panchkula Circle
Ellenabad,Panchkula Circle
Paonta Sahib,Panchkula Circle
"Model Town, Panipat",Panchkula Circle
Uchana,Panchkula Circle
Makrauli Khurd,Panchkula Circle
Sataundi,Panchkula Circle
Jauli,Panchkula Circle
Bhiwani Khera,Panchkula Circle
Kumharia,Panchkula Circle
Khaira Branch,Panchkula Circle
Sherpur,Panchkula Circle
Srinagar Fruit Mandi,Panchkula Circle
Teha,Panchkula Circle
Cheeka,Panchkula Circle
Garnala,Panchkula Circle
Raiwali,Panchkula Circle
Mandi Dabwali,Panchkula Circle
Safidon,Panchkula Circle
"Dhand Road, Mirzapur",Panchkula Circle
Newal,Panchkula Circle
Sonipat,Panchkula Circle
Mandi,Panchkula Circle
Jai Singh Pura,Panchkula Circle
ASC - Rohtak,Panchkula Circle
Dahar,Panchkula Circle
Garhi Kotaha,Panchkula Circle
Baddi (Himachal Pradesh),Panchkula Circle
Bawal,Panchkula Circle
Matak Majri,Panchkula Circle
Ambala City,Panchkula Circle
Saraswati Khera,Panchkula Circle
Batour,Panchkula Circle
Srinagar Brari Numble,Panchkula Circle
Manda,Panchkula Circle
Kanwala,Panchkula Circle
Meham,Panchkula Circle
Teontha,Panchkula Circle
Narwana,Panchkula Circle
Mehmudpur Branch,Panchkula Circle
Baiyanpur,Panchkula Circle
Dhanana,Panchkula Circle
Kundli,Panchkula Circle
Patti Afgan,Panchkula Circle
Udhampur,Panchkula Circle
Arahama,Panchkula Circle
Kalanwali,Panchkula Circle
Garhi Sarai Namdarkalan,Panchkula Circle
Ghagour,Panchkula Circle
Dhanora,Panchkula Circle
Solan,Panchkula Circle
Jattal,Panchkula Circle
Hansi,Panchkula Circle
Chwadi,Panchkula Circle
Bastali,Panchkula Circle
Bal Jattan,Panchkula Circle
Chhapra,Panchkula Circle
Burain,Panchkula Circle
ASC - Karnal,Panchkula Circle
Soldha,Panchkula Circle
Baidwala,Panchkula Circle
Banaundi Branch,Panchkula Circle
Tarore,Panchkula Circle
Baramullah,Panchkula Circle
Dhandhlan,Panchkula Circle
Leh,Panchkula Circle
Birpipli,Panchkula Circle
Dinarpur,Panchkula Circle
CPC - Karnal,Panchkula Circle
Kupwara,Panchkula Circle
Nanakpur,Panchkula Circle
Budha Khera,Panchkula Circle
Nara,Panchkula Circle
Gilla Khera,Panchkula Circle
Kathua,Panchkula Circle
Srinagar,Panchkula Circle
"Jalvera Road, Mirzapur",Panchkula Circle
Rukhri,Panchkula Circle
Sandhir,Panchkula Circle
Ismailpur,Panchkula Circle
Kalpi,Panchkula Circle
Bhurewala,Panchkula Circle
Sambhalkha,Panchkula Circle
ASC - Srinagar,Panchkula Circle
Garhi,Panchkula Circle
Bunigam,Panchkula Circle
Sopore,Panchkula Circle
Larikpora,Panchkula Circle
ASC - Hissar,Panchkula Circle
Panjlasha,Panchkula Circle
CPC - Srinagar,Panchkula Circle
Garhi Sampla,Panchkula Circle
Peont,Panchkula Circle
Kakrali,Panchkula Circle
Ujha,Panchkula Circle
Arainpura,Panchkula Circle
Sonagam,Panchkula Circle
Jansui,Panchkula Circle
Todarpur,Panchkula Circle
Jakhauda,Panchkula Circle
PALAMPUR HP,Panchkula Circle
ASC - Jammu,Panchkula Circle
Khanda,Panchkula Circle
Mean Charkah,Panchkula Circle
Adhoya Hindwan,Panchkula Circle
CPC - Jammu,Panchkula Circle
Chhajpur Kalan,Panchkula Circle
Konkpur,Panchkula Circle
ASC - Panchkula,Panchkula Circle
Teokar,Panchkula Circle
Threeke,Punjab Circle
Punjab Circle,Punjab Circle
Bathinda Cluster,Punjab Circle
Sahnewal,Punjab Circle
Sangrur Cluster,Punjab Circle
Batala,Punjab Circle
Madhya Marg (Chandigarh),Punjab Circle
Lawrence Road Extension,Punjab Circle
Mundian Kalan,Punjab Circle
Chandigarh Circle,Punjab Circle
"Sector 32, Chandigarh",Punjab Circle
"SME Center, Ludhiana",Punjab Circle
Ludhiana,Punjab Circle
"Infosys Campus, Chandigarh",Punjab Circle
Patiala,Punjab Circle
"Mata Rani Chowk, Ludhiana",Punjab Circle
Bhagapurana (Punjab),Punjab Circle
Moga (Punjab),Punjab Circle
"Agri Business Center, Chandigarh",Punjab Circle
Manakwal,Punjab Circle
Faridkot,Punjab Circle
Phillaur,Punjab Circle
Amritsar,Punjab Circle
"Sector 22, Chandigarh",Punjab Circle
Jagraon (Punjab),Punjab Circle
Sector 17 B (Chandigarh),Punjab Circle
Chanarthal Khurd,Punjab Circle
Mehron,Punjab Circle
"SME Centre, JAL",Punjab Circle
Malout,Punjab Circle
Chandigarh,Punjab Circle
"Sector 38, Chandigarh",Punjab Circle
Phullanwal,Punjab Circle
Fatehgarh Sahib,Punjab Circle
Kangniwal,Punjab Circle
Gurdev Nagar,Punjab Circle
Dugri Road,Punjab Circle
KESAR GANJ CHOWK LUD,Punjab Circle
Cheema Kalan,Punjab Circle
Mohali (Punjab),Punjab Circle
Hansali,Punjab Circle
Bhatinda,Punjab Circle
Nabha (Punjab),Punjab Circle
Mohali Phase 5,Punjab Circle
Adda Dakha,Punjab Circle
Nakodar,Punjab Circle
Amloh,Punjab Circle
Ludhiana Currency Chest,Punjab Circle
Ballopur,Punjab Circle
Gobindgarh,Punjab Circle
Rurki Kalan,Punjab Circle
"Miller Ganj,Ludhiana",Punjab Circle
"SME Center, Chandigarh",Punjab Circle
Fazilka,Punjab Circle
Kartarpur,Punjab Circle
Khadaur Sahib,Punjab Circle
Bains,Punjab Circle
Patiala Cluster,Punjab Circle
Nawan Purba,Punjab Circle
Hukumat Singh Wala,Punjab Circle
Hoshiarpur Cluster,Punjab Circle
"Maqsudan Chowk, Jalandhar",Punjab Circle
Gehri Mandi,Punjab Circle
Talwara,Punjab Circle
Begowal,Punjab Circle
Bhago Majra,Punjab Circle
Muktsar,Punjab Circle
East Mohan Nagar,Punjab Circle
Nandpur Kesho,Punjab Circle
Jhanduwala,Punjab Circle
"Sirhind Road, Patiala",Punjab Circle
ASC - Chandigarh,Punjab Circle
Ferozepur (Punjab),Punjab Circle
Payal,Punjab Circle
Sidhwa Bet,Punjab Circle
Bikhiwind,Punjab Circle
Sector 26 Chandigarh,Punjab Circle
Saido Lehar,Punjab Circle
Quadian,Punjab Circle
Gurdaspur (Punjab),Punjab Circle
Sri Hargobindpur,Punjab Circle
Lambra,Punjab Circle
PATTI KHALIL,Punjab Circle
Ferozepur Road,Punjab Circle
Miani Khas,Punjab Circle
Sherkhan Wala,Punjab Circle
Tarn Taran (Punjab),Punjab Circle
Kheri Jattan,Punjab Circle
CPC - Chandigarh,Punjab Circle
Chandigarh Currency Chest,Punjab Circle
Sudhar (Punjab),Punjab Circle
"Gujral Nagar,Jalandhar",Punjab Circle
Landran,Punjab Circle
Katar Singhwala,Punjab Circle
Khakat,Punjab Circle
Kandial,Punjab Circle
Urmar Tanda,Punjab Circle
Manimajra (Chandigarh),Punjab Circle
Tharajwala,Punjab Circle
Dera Baba Nanak Branch,Punjab Circle
ASC - Ludhiana,Punjab Circle
Pathankot,Punjab Circle
"Sector 16, Chandigarh",Punjab Circle
Dhulkot Ransian,Punjab Circle
Kotkapura,Punjab Circle
Hardowal,Punjab Circle
Dhuri,Punjab Circle
Darvesh,Punjab Circle
Bapraur,Punjab Circle
Rurka,Punjab Circle
Mavi Kalan,Punjab Circle
Khanna (Punjab),Punjab Circle
Jalandhar,Punjab Circle
Kapurthala (Punjab),Punjab Circle
Khai,Punjab Circle
Nawanshahr,Punjab Circle
CPC - Ludhiana,Punjab Circle
Kurarhi,Punjab Circle
Brahman Majra,Punjab Circle
Shekhopur,Punjab Circle
Multania,Punjab Circle
Dinanagar,Punjab Circle
Sangrur (Punjab),Punjab Circle
Rania,Punjab Circle
Rayya,Punjab Circle
Kharar,Punjab Circle
Banga,Punjab Circle
Jalandhar Cluster,Punjab Circle
Bagrian,Punjab Circle
Derabassi (Punjab),Punjab Circle
Patti (Punjab),Punjab Circle
Dharamkot,Punjab Circle
ASC - Jalandhar,Punjab Circle
Ballo Majra,Punjab Circle
Jhabal Kalan,Punjab Circle
Garhshankar,Punjab Circle
"ACMC Center, Ludhiana - Spoke 2",Punjab Circle
Mehmadpur Jattan,Punjab Circle
Bhamia Kalan,Punjab Circle
Bheetiwala,Punjab Circle
Phagwara,Punjab Circle
Hoshiarpur (Punjab),Punjab Circle
NANGAL (PUNJAB),Punjab Circle
Samana (Punjab),Punjab Circle
Sunam,Punjab Circle
Rajpura (Punjab),Punjab Circle
Phuglana,Punjab Circle
Malerkotla,Punjab Circle
Chogawan,Punjab Circle
Rampura Phull,Punjab Circle
Raikot,Punjab Circle
Chowk,Punjab Circle
"Urban Estate, Patiala",Punjab Circle
Dhariwal,Punjab Circle
Goraya,Punjab Circle
Nurpur Janua,Punjab Circle
TALWANDI AKALIA,Punjab Circle
Hedon Bet,Punjab Circle
Lakhiwala,Punjab Circle
Hamayunpur,Punjab Circle
Lakhnaur,Punjab Circle
City Center,Punjab Circle
PAPRI,Punjab Circle
SUNDAR NAGAR (LUDHIANA),Punjab Circle
Talwandi Bhai,Punjab Circle
Cheeda,Punjab Circle
"Chotti Baradari, Jalandhar",Punjab Circle
Mohan Ke uttar,Punjab Circle
Amritsar Cluster,Punjab Circle
Manderan,Punjab Circle
Parach,Punjab Circle
Nagra,Punjab Circle
KHERA JATTAN,Punjab Circle
Ucha,Punjab Circle
Gurkhwind,Punjab Circle
"Model Town, Jalandhar",Punjab Circle
Chandigarh Road,Punjab Circle
Mukerian,Punjab Circle
Sangal Sohal,Punjab Circle
Samrala,Punjab Circle
Gardhiwala,Punjab Circle
Mohali Phase 11,Punjab Circle
BHOMA,Punjab Circle
Dohlron,Punjab Circle
Fatehgarh Churian,Punjab Circle
Mannanhanna,Punjab Circle
Sultanpur Lodhi,Punjab Circle
SHEKHUPURA,Punjab Circle
Shahkot,Punjab Circle
ADLIWALA,Punjab Circle
Budhlada,Punjab Circle
Bhawanipur,Punjab Circle
Ramasara,Punjab Circle
Balhar Vinjhu,Punjab Circle
Barnala (Punjab),Punjab Circle
Dasuya,Punjab Circle
Rupnagar,Punjab Circle
Vanike,Punjab Circle
Jalalabad,Punjab Circle
Kansala,Punjab Circle
Dhilwan,Punjab Circle
BHILLOWAL,Punjab Circle
Bhogpur,Punjab Circle
Mowai,Punjab Circle
Hambran Road,Punjab Circle
Thathian Mahanta,Punjab Circle
Kukar Majara,Punjab Circle
Putligarh,Punjab Circle
Sodal Road,Punjab Circle
Abohar (Punjab),Punjab Circle
Talwandi Kuka,Punjab Circle
Mangewala,Punjab Circle
Adampur Branch,Punjab Circle
Majitha,Punjab Circle
NURMAHAL,Punjab Circle
Bharu,Punjab Circle
Fatehgarh Korotana,Punjab Circle
Zirakpur,Punjab Circle
Janian,Punjab Circle
Majitha Road Amritsar,Punjab Circle
Ajnala,Punjab Circle
Bohani,Punjab Circle
Agampur,Punjab Circle
Mangli Nicchi,Punjab Circle
Ranike,Punjab Circle
Nangra Kalmot,Punjab Circle
Katani Khurd,Punjab Circle
Balachaur,Punjab Circle
Ramnagar Bakshiwala,Punjab Circle
Jagga Ram Tirath,Punjab Circle
Adamwal,Punjab Circle
Mansa (Punjab),Punjab Circle
Bahadurpur,Punjab Circle
LADUKA,Punjab Circle
Burj Sidhwan,Punjab Circle
ASC - Amritsar,Punjab Circle
Theri,Punjab Circle
Ludhiana Circle,Punjab Circle
Bansepur,Punjab Circle
Ghanga Khurd,Punjab Circle
Dangon,Punjab Circle
Baranhara,Punjab Circle
Samaon,Punjab Circle
Dhammomajra,Punjab Circle
Jhanduke,Punjab Circle
Chau Majra,Punjab Circle
Bijalpur,Punjab Circle
Ahmedgarh,Punjab Circle
Sandhwal,Punjab Circle
Lambi,Punjab Circle
Bhatinda 2,Punjab Circle
Shergarh,Punjab Circle
Bhammipura,Punjab Circle
Devigarh,Punjab Circle
Iban Kalan,Punjab Circle
 Changal,Punjab Circle
Sailkiana,Punjab Circle
Ranipur,Punjab Circle
CPC - Amritsar,Punjab Circle
ASC - Patiala,Punjab Circle
Athaula,Punjab Circle
Gandiwind,Punjab Circle
Raipur Kalan,Punjab Circle
ASC - Bathinda,Punjab Circle
BARI MANDAULI,Punjab Circle
Jassian,Punjab Circle
Gureh,Punjab Circle
Bhatta Dhua,Punjab Circle
Mehmuana,Punjab Circle
Ramnagar,Punjab Circle
Chatt,Punjab Circle
Lohgarh,Punjab Circle
Sarsini,Punjab Circle
Chandigarh Sector 20,Punjab Circle
Phambra,Punjab Circle
Niazian,Punjab Circle
Pohlo Majra,Punjab Circle
NAURANGABAD,Punjab Circle
Sahlon,Punjab Circle
Palli Ucchi,Punjab Circle
Jian,Punjab Circle
Bhatnaura Kalan,Punjab Circle
Tung,Punjab Circle
Punian Khanna,Punjab Circle
Gujjran,Punjab Circle
Majat,Punjab Circle
Salemgarh,Punjab Circle
Jassi Baghwali,Punjab Circle
Dafarpur,Punjab Circle
Chaswal,Punjab Circle
Janial,Punjab Circle
Bhakhari Harni,Punjab Circle
Dalamwal,Punjab Circle
Kalyan Sukha,Punjab Circle
Bahadur hussaian,Punjab Circle
Lalliyan,Punjab Circle
Gill Patti,Punjab Circle
Bhangewala,Punjab Circle
Chomon,Punjab Circle
Kalsera,Punjab Circle
Buttar Sarien,Punjab Circle
Jahangirpur,Punjab Circle
Panjola,Punjab Circle
Bulandpur,Punjab Circle
Saidpura,Punjab Circle
Raniala,Punjab Circle
Satyawala,Punjab Circle
"Agri Business Center, Ludhiana",Punjab Circle
Talwandi Salem,Punjab Circle
Jeeda,Punjab Circle
Ludhiana Cluster,Punjab Circle
Cox Town Bangalore,Bangalore Circle
Basaveshwar Nagar,Bangalore Circle
"SME-Geography, South 2",Bangalore Circle
Uttarahalli,Bangalore Circle
Jayanagar 4th Blk,Bangalore Circle
Majestic,Bangalore Circle
Rajajinagar,Bangalore Circle
R T Nagar (Bangalore),Bangalore Circle
Whitefield Main Road,Bangalore Circle
"Corporate Banking Branch (CBB), Bangalore",Bangalore Circle
Bangalore Main,Bangalore Circle
Bangalore Circle,Bangalore Circle
Malleswaram Bangalore,Bangalore Circle
Ramanagara,Bangalore Circle
Whitefield (Bangalore),Bangalore Circle
"Sahakaranagar, Bangalore",Bangalore Circle
Koramangala (Bangalore) Currency Chest,Bangalore Circle
Electronic City,Bangalore Circle
"ACMC Center, Bangalore",Bangalore Circle
"Shanthinagar, Bangalore",Bangalore Circle
Banashankari (Bangalore),Bangalore Circle
Rajarajeshwari Nagar,Bangalore Circle
"J P Nagar, 6 th Phase",Bangalore Circle
Mandya,Bangalore Circle
Yelahanka Cluster,Bangalore Circle
J P Nagar (Bangalore),Bangalore Circle
"Kalyan Nagar, Bangalore",Bangalore Circle
Vijayanagar (Bangalore),Bangalore Circle
Hennur Road,Bangalore Circle
HSR Layout,Bangalore Circle
"Sanjay Nagar, Bangalore",Bangalore Circle
Sadashiv Nagar,Bangalore Circle
Koramangala Cluster,Bangalore Circle
Chintamani,Bangalore Circle
CPC - Bangalore,Bangalore Circle
Yelahanka (Bangalore),Bangalore Circle
Peenya,Bangalore Circle
Dod Ballapur,Bangalore Circle
New BEL Road,Bangalore Circle
BTM Layout,Bangalore Circle
"Vidyaranyapura, Bangalore",Bangalore Circle
Tiptur,Bangalore Circle
"IT_BCC, Bangalore",Bangalore Circle
Mysore,Bangalore Circle
"SME Center,BNG2",Bangalore Circle
Kasthuri Nagar,Bangalore Circle
Koramangala,Bangalore Circle
Marathahalli (Bangalore),Bangalore Circle
Hoskote,Bangalore Circle
Chikballapur,Bangalore Circle
Srinivasnagar,Bangalore Circle
Nagar Bhavi,Bangalore Circle
"SME Center,BNG1",Bangalore Circle
Margosa Road,Bangalore Circle
Sarjapur Road,Bangalore Circle
Karthiknagar,Bangalore Circle
Kolar,Bangalore Circle
Basavangudi,Bangalore Circle
Arekere,Bangalore Circle
ASC - Bangalore,Bangalore Circle
Jayanagar 7th Block,Bangalore Circle
Indira Nagar (Bangalore),Bangalore Circle
CPC - Sahakaranagar,Bangalore Circle
Cauvery Bhavan,Bangalore Circle
Shantiniketan,Bangalore Circle
Kuvempunagar,Bangalore Circle
Tumkur (Karnataka),Bangalore Circle
RBI Layout,Bangalore Circle
Chamarajapet,Bangalore Circle
SECTOR 7 HSR LAYOUT,Bangalore Circle
"Koramangala, 4 th Block",Bangalore Circle
"Agri Business Center, Bangalore",Bangalore Circle
Anekal,Bangalore Circle
Yeshwanthpur,Bangalore Circle
Devanahalli,Bangalore Circle
KUNDALAHALLI GATE BANGALORE,Bangalore Circle
Kollegal,Bangalore Circle
RICHMOND ROAD BANGALORE,Bangalore Circle
ASC - Sahakaranagar,Bangalore Circle
JAYAMAHAL EXTENSION BANGALORE,Bangalore Circle
Devaraj Urs Road,Bangalore Circle
HAL II stage,Bangalore Circle
Manyata Tech Park,Bangalore Circle
Old Madras Road,Bangalore Circle
J C Road,Bangalore Circle
MAHADEVPURA BANGALORE,Bangalore Circle
Nelamangala,Bangalore Circle
Madikeri,Bangalore Circle
CPC - Mysore,Bangalore Circle
Bidadi,Bangalore Circle
Indiranagar Cluster,Bangalore Circle
Kadugodi,Bangalore Circle
Chamarajanagar,Bangalore Circle
"ACMC Center, Bangalore - Spoke 1",Bangalore Circle
8th Mile Tumkur Road,Bangalore Circle
Belandur,Bangalore Circle
Panathur,Bangalore Circle
Kushalnagar,Bangalore Circle
Cunningham Road,Bangalore Circle
"ASC - Whitefield, Bangalore",Bangalore Circle
ASC - Mysore,Bangalore Circle
Infosys Campus Mysore,Bangalore Circle
CPC-Whitefield,Bangalore Circle
Banashankari Cluster,Bangalore Circle
ASC - Electronic City Bangalore,Bangalore Circle
Malleswaram Cluster,Bangalore Circle
"RSC - Banglore, (SS)",Bangalore Circle
"ASC-Malleswaram,Bangalore",Bangalore Circle
"SME Center, Bangalore",Bangalore Circle
Koramangala-Bangalore Currency Chest,Bangalore Circle
Chennai Service Branch,Chennai Circle
T Nagar,Chennai Circle
Chennai Circle,Chennai Circle
Tambaram (Chennai),Chennai Circle
"146_Internal Audit (IAO), Chennai",Chennai Circle
Adyar Chennai Currency Chest,Chennai Circle
"Corporate Banking Branch (CBB), Chennai",Chennai Circle
Virugambakkam,Chennai Circle
Anna Salai Cluster,Chennai Circle
"SME-Geography,South",Chennai Circle
"SME Center,CHN1",Chennai Circle
Chennai Main Branch,Chennai Circle
"R A Puram, Chennai",Chennai Circle
Ayanavaram,Chennai Circle
Mogappair (Chennai),Chennai Circle
"ACMC Center, Chennai",Chennai Circle
Kotturpuram,Chennai Circle
Purasawalkam,Chennai Circle
George Town Cluster,Chennai Circle
Koyambedu,Chennai Circle
Poonamallee,Chennai Circle
Egmore,Chennai Circle
Nungambakkam,Chennai Circle
Virudhachalam,Chennai Circle
George Town (Chennai),Chennai Circle
Nolambur,Chennai Circle
Velachery Chennai,Chennai Circle
"SME Center,Chennai",Chennai Circle
Ambattur,Chennai Circle
Perambur,Chennai Circle
Guduvanchery,Chennai Circle
Madipakkam (Chennai),Chennai Circle
Triplicane,Chennai Circle
Saidapet,Chennai Circle
Human Resources - South Hub,Chennai Circle
CCMC - Chennai,Chennai Circle
Villupuram (Tamil Nadu),Chennai Circle
Tiruttani,Chennai Circle
Perungudi,Chennai Circle
Pallavaram,Chennai Circle
Vepery,Chennai Circle
ASC - Chennai,Chennai Circle
"Kodambakkam, Chennai",Chennai Circle
Ramapuram Chennai,Chennai Circle
Shanthi Colony,Chennai Circle
Kilpauk,Chennai Circle
"Nanganallur(Chennai,Tamil Nadu)",Chennai Circle
CHOOLAIMEDU CHN TN,Chennai Circle
Anna Salai Chennai,Chennai Circle
Pondicherry,Chennai Circle
Venkatnarayana Road,Chennai Circle
Saligramam,Chennai Circle
Alandur,Chennai Circle
Arni (Tamil Nadu),Chennai Circle
Adyar (Chennai),Chennai Circle
Chengalpattu,Chennai Circle
Katpadi,Chennai Circle
South Mada Street,Chennai Circle
Karaikal,Chennai Circle
"Kancheepuram, Tamilnadu",Chennai Circle
Kancheepuram (Tamil Nadu),Chennai Circle
Selaiyur,Chennai Circle
Ashok Nagar (Chennai),Chennai Circle
West Mambalam,Chennai Circle
Vellore (Tamil Naidu),Chennai Circle
Redhills,Chennai Circle
Aminjikarai Branch,Chennai Circle
"Agri Business Center, Chennai",Chennai Circle
Chidambaram,Chennai Circle
Old Washermanpet,Chennai Circle
"Kamaraj Salai, Pondicherry",Chennai Circle
Annanagar Chennai,Chennai Circle
ASC - Pondicherry,Chennai Circle
Gopalapuram,Chennai Circle
Maduravoyal,Chennai Circle
Neyveli,Chennai Circle
Hasthinapuram,Chennai Circle
Porur,Chennai Circle
Thiruvallur,Chennai Circle
Annanagar (West),Chennai Circle
Cuddalore,Chennai Circle
Thiruvanmiyur (Chennai),Chennai Circle
Gummidipoondi,Chennai Circle
Periyar Nagar,Chennai Circle
GANDHI NAGAR CHN TN,Chennai Circle
Villivakkam,Chennai Circle
Kolathur,Chennai Circle
Indira Nagar,Chennai Circle
Medavakkam,Chennai Circle
CPC - Chennai,Chennai Circle
Gudiyatham,Chennai Circle
Thoraipakkam,Chennai Circle
MOULIVAKKAM CHN TN,Chennai Circle
MKB Nagar,Chennai Circle
Tiruvannamalai,Chennai Circle
Ratan Bazaar,Chennai Circle
"Byepass Road , Velachery",Chennai Circle
Thiruvottriyur,Chennai Circle
Teynampet,Chennai Circle
Kelambakkam,Chennai Circle
Southern Zonal Office,Chennai Circle
Irungattukottai,Chennai Circle
Sterling Road,Chennai Circle
Vadapalani,Chennai Circle
Chettinad Health City,Chennai Circle
Nagapattinam,Chennai Circle
Mayiladuthurai,Chennai Circle
Maduranthakam,Chennai Circle
Ekkaduthangal,Chennai Circle
CPC - Pallavaram,Chennai Circle
ASC - Pallavaram,Chennai Circle
Kallakkurichi,Chennai Circle
Avadi,Chennai Circle
"SME Centre, CHN1",Chennai Circle
K K Nagar,Chennai Circle
Korattur,Chennai Circle
Sholinganallur,Chennai Circle
"ASC - Thoraipakkam, Chennai",Chennai Circle
"RSC - Chennai, (SS)",Chennai Circle
Eraiyur,Chennai Circle
ASC - Ambauttur,Chennai Circle
Tirupathur,Chennai Circle
CPC - Pondicherry,Chennai Circle
ASC - Vellore,Chennai Circle
ASC - Poonamallee,Chennai Circle
Adyar-Chennai Currency Chest,Chennai Circle
Coimbatore Circle,Coimbatore Circle
Coimbatore (Tamilnadu),Coimbatore Circle
Trichy Road (Coimbatore),Coimbatore Circle
Rasipuram,Coimbatore Circle
"Cantonment, (Tiruchirapalli II)",Coimbatore Circle
Tiruchirapally (Tamilnadu),Coimbatore Circle
Hosur (Tamil Nadu),Coimbatore Circle
"Gandhiji Road, Erode",Coimbatore Circle
Sattur,Coimbatore Circle
"By Pass Road, Madurai",Coimbatore Circle
Lalgudi,Coimbatore Circle
Musiri,Coimbatore Circle
Mullipuram,Coimbatore Circle
Sivakasi (Tamilnadu),Coimbatore Circle
Madurai (Tamilnadu),Coimbatore Circle
Srirangam,Coimbatore Circle
"SME Center,Coimbatore",Coimbatore Circle
Tirunelveli (Tamil Nadu),Coimbatore Circle
Rajapalayam,Coimbatore Circle
Karamadai,Coimbatore Circle
Ramanathapuram,Coimbatore Circle
Theni (Tamil Nadu),Coimbatore Circle
Saibaba Colony,Coimbatore Circle
Thiruvarur,Coimbatore Circle
Coimbatore Currency Chest,Coimbatore Circle
Kethaiurambu,Coimbatore Circle
Mettupalayam,Coimbatore Circle
Karur (Tamilnadu),Coimbatore Circle
Perambalur,Coimbatore Circle
Mallasamudram,Coimbatore Circle
Ilanji,Coimbatore Circle
Mannargudi,Coimbatore Circle
Trichy Currency Chest,Coimbatore Circle
Kumar Nagar - Tirupur,Coimbatore Circle
"SME Centre, Trichy",Coimbatore Circle
Gandhipuram,Coimbatore Circle
RS Puram,Coimbatore Circle
Kangeyam Branch,Coimbatore Circle
Salem,Coimbatore Circle
Tuticorin (Tamilnadu),Coimbatore Circle
Madurai Cluster,Coimbatore Circle
Salem Cluster,Coimbatore Circle
Tirupur,Coimbatore Circle
NAMAKKAL BRANCH,Coimbatore Circle
Erode (Veerappan Chathiram),Coimbatore Circle
Taramangalam,Coimbatore Circle
Pollachi (Tamil Nadu),Coimbatore Circle
Udumalpet,Coimbatore Circle
Dindigul (Tamil Nadu),Coimbatore Circle
Thuraiyur Branch,Coimbatore Circle
Marthandam,Coimbatore Circle
Vembarpatti,Coimbatore Circle
Edanganasalai,Coimbatore Circle
Thirukkurungudi,Coimbatore Circle
KOVAI PUDUR,Coimbatore Circle
Karaikudi,Coimbatore Circle
Sathyamangalam (Tamilnadu),Coimbatore Circle
ASC - Coimbatore,Coimbatore Circle
Virudhunagar,Coimbatore Circle
Periasemur,Coimbatore Circle
Vazhapadi,Coimbatore Circle
KADAYANALLUR BRANCH,Coimbatore Circle
CPC - Madurai,Coimbatore Circle
Labbaikudikadu,Coimbatore Circle
Aruppukottai,Coimbatore Circle
"Tallakulam, Madurai",Coimbatore Circle
Varanavasi,Coimbatore Circle
Paramakudi,Coimbatore Circle
Townhall,Coimbatore Circle
Muthuservamadam,Coimbatore Circle
Nagercoil (Tamil Naidu),Coimbatore Circle
Palayamkottai,Coimbatore Circle
Thondamuthur,Coimbatore Circle
Ammapettai,Coimbatore Circle
VADAVALLI,Coimbatore Circle
Dharapuram,Coimbatore Circle
Anaikudam,Coimbatore Circle
SINGANALLUR,Coimbatore Circle
Tiruchengode,Coimbatore Circle
"Peelamedu, Coimbatore",Coimbatore Circle
Kumbakonam,Coimbatore Circle
GOBICHETTIPALAYAM,Coimbatore Circle
Edappadi,Coimbatore Circle
Sarkarsamakulam,Coimbatore Circle
Anthiyur,Coimbatore Circle
Mettunasuvampalayam,Coimbatore Circle
Pudukkottai,Coimbatore Circle
Attur,Coimbatore Circle
Sankari,Coimbatore Circle
Karumathampatti,Coimbatore Circle
K K Nagar,Coimbatore Circle
Palladam,Coimbatore Circle
Veerapatti,Coimbatore Circle
Mecheri,Coimbatore Circle
"SME Center,Madurai",Coimbatore Circle
Ayothiapatinam,Coimbatore Circle
Vellakoil,Coimbatore Circle
Pattukottai,Coimbatore Circle
"Cherry Road, Salem",Coimbatore Circle
Manachanallur,Coimbatore Circle
Manapparai,Coimbatore Circle
RAILWAY STATION ROAD - HOSUR,Coimbatore Circle
Kandeertheertham,Coimbatore Circle
ASC - Madurai,Coimbatore Circle
Thanjavur,Coimbatore Circle
M Vadipatti,Coimbatore Circle
Nasiyanur,Coimbatore Circle
Krishnagiri,Coimbatore Circle
Kulumur,Coimbatore Circle
Bodinayakanur,Coimbatore Circle
Kovilpatti,Coimbatore Circle
Omalur,Coimbatore Circle
SARAVANAMPATTI BRANCH,Coimbatore Circle
KK NAGAR - MADURAI,Coimbatore Circle
Dharmapuri,Coimbatore Circle
Appakudal,Coimbatore Circle
Sirugamani,Coimbatore Circle
Cumbum,Coimbatore Circle
Aranthangi,Coimbatore Circle
"Agri Business Center, Coimbatore",Coimbatore Circle
Trichy Cluster,Coimbatore Circle
Ootacamund,Coimbatore Circle
CPC - Tiruchirapally,Coimbatore Circle
Merpanaikadu,Coimbatore Circle
Mettur,Coimbatore Circle
Oriyur,Coimbatore Circle
Gugai (Salem-II),Coimbatore Circle
Thirukalambur,Coimbatore Circle
Bodhupatty,Coimbatore Circle
Hosur,Coimbatore Circle
Kottur,Coimbatore Circle
"SME Center, Madurai",Coimbatore Circle
CPC - Coimbatore,Coimbatore Circle
Nallikaundanpalayam,Coimbatore Circle
"SME Center, Coimbatore",Coimbatore Circle
ASC - Tiruchirapally,Coimbatore Circle
ASC - Salem,Coimbatore Circle
ASC - Tirunelveli,Coimbatore Circle
Mangalore,Hubli Circle
Gulbarga (Kartanaka),Hubli Circle
Hubli Circle,Hubli Circle
Moodbidri,Hubli Circle
Sagar,Hubli Circle
"Urva, Mangalore",Hubli Circle
Hubli Currency Chest,Hubli Circle
Ranibennur,Hubli Circle
Harihar,Hubli Circle
Channrayapatna,Hubli Circle
Mangalore Cluster,Hubli Circle
Dharwad Cluster,Hubli Circle
Bijapur (Karnataka),Hubli Circle
"Jewargi Cross, Gulbarga II",Hubli Circle
Bidar (Karnataka),Hubli Circle
Kumta,Hubli Circle
Sirsi,Hubli Circle
Sandur,Hubli Circle
Udupi,Hubli Circle
Sedam,Hubli Circle
Lingsugur,Hubli Circle
Manipal,Hubli Circle
ASC - Mangalore,Hubli Circle
Chikodi,Hubli Circle
Arsikere,Hubli Circle
Kadur,Hubli Circle
Bailhongal,Hubli Circle
Marlanhalli,Hubli Circle
Thokkottu,Hubli Circle
Mudhol,Hubli Circle
CPC - Hubli,Hubli Circle
Dharwad,Hubli Circle
Kankanady,Hubli Circle
Jamkhandi (Karnataka),Hubli Circle
Hospet,Hubli Circle
Hubli (Karnataka),Hubli Circle
Gangawati,Hubli Circle
Shimoga (Karnataka),Hubli Circle
Karwar (Karnataka),Hubli Circle
Gottagodi,Hubli Circle
Davangere,Hubli Circle
Kushtagi,Hubli Circle
Raichur (Karnataka),Hubli Circle
Manvi,Hubli Circle
"Hadadi Road, Davangere",Hubli Circle
Devadurga,Hubli Circle
Bhatkal,Hubli Circle
Gadag (Karnataka),Hubli Circle
Bagalkot (Karnataka),Hubli Circle
Gokak (Karnataka),Hubli Circle
ASC - Hubli,Hubli Circle
Challakere,Hubli Circle
SHIKARIPURA,Hubli Circle
Belgaum,Hubli Circle
Saidapur (Karnataka),Hubli Circle
Shahpur,Hubli Circle
Bellary (Karnataka),Hubli Circle
KARKALA,Hubli Circle
Puttur,Hubli Circle
Siruguppa,Hubli Circle
Gunj Road,Hubli Circle
Koppal,Hubli Circle
Chitradurga,Hubli Circle
"Vidya Nagar, Hubli",Hubli Circle
Bhadravathi,Hubli Circle
"Nehru Nagar, Belgaum",Hubli Circle
Haveri,Hubli Circle
Gokul Road - Hubli,Hubli Circle
Yadgir,Hubli Circle
Hassan,Hubli Circle
"SME Center,Hubli",Hubli Circle
Basavakalyan,Hubli Circle
Mangalore II (Surathkal),Hubli Circle
Nipani,Hubli Circle
"Rajendra Nagar, Shimoga",Hubli Circle
"Chickmagalur, Karnataka",Hubli Circle
"SME Center, Hubli",Hubli Circle
Athni (Karnataka),Hubli Circle
Kundapura,Hubli Circle
Jinnur,Hubli Circle
Belthangady,Hubli Circle
Sindhnur,Hubli Circle
ILKAL,Hubli Circle
CPC - Mangalore,Hubli Circle
Tavargeri,Hubli Circle
ASC - Belgaum,Hubli Circle
ASC - Davanagere,Hubli Circle
Chikmagalur,Hubli Circle
Hyderabad,Hyderabad Circle
"Corporate Banking Branch (CBB), Hyderabad",Hyderabad Circle
Sanjeeva Reddy Nagar(Hyderabad),Hyderabad Circle
Tarnaka,Hyderabad Circle
Hyderabad Circle,Hyderabad Circle
Mehdipatnam Ring Road,Hyderabad Circle
Chevella,Hyderabad Circle
"Chandanagar, Hyderabad",Hyderabad Circle
Secunderabad,Hyderabad Circle
"ACMC Center, Hyderabad",Hyderabad Circle
Kacheguda,Hyderabad Circle
Hyderabad Currency Chest,Hyderabad Circle
Secunderabad Cluster,Hyderabad Circle
Kompally,Hyderabad Circle
Ramagundam,Hyderabad Circle
Nizamabad (Andhra Pradesh),Hyderabad Circle
Armur,Hyderabad Circle
Jagtial,Hyderabad Circle
DILSUKHNAGAR Cluster,Hyderabad Circle
Chandrayangutta,Hyderabad Circle
Srinagar Colony (Hyderebad),Hyderabad Circle
Uppal Kalan,Hyderabad Circle
Tarnaka Cluster,Hyderabad Circle
"Internal Audit (IAO), Hyderabad",Hyderabad Circle
Siddipeta,Hyderabad Circle
KAVURI HILLS HYD TG,Hyderabad Circle
Kukatpally Hyderabad,Hyderabad Circle
ASC - Hyderabad,Hyderabad Circle
Karimnagar (Andhra Pradesh),Hyderabad Circle
Vanasthalipuram,Hyderabad Circle
Hanumakonda,Hyderabad Circle
"Banjara Hills, Hyderabad Branch",Hyderabad Circle
Kamareddy,Hyderabad Circle
Patancheru,Hyderabad Circle
ASC - Gachibowli,Hyderabad Circle
Kodad,Hyderabad Circle
"Jubilee Hills, Road No.36",Hyderabad Circle
Charminar Hyderabad,Hyderabad Circle
Miyapur,Hyderabad Circle
Musheerabad,Hyderabad Circle
Sangareddy Branch,Hyderabad Circle
Khairtabad,Hyderabad Circle
Madhapur,Hyderabad Circle
Proddatur (Andhra Pradesh),Hyderabad Circle
Siddiamber Bazar,Hyderabad Circle
Nallakunta Branch,Hyderabad Circle
Diamond Point,Hyderabad Circle
Jubilee Hills,Hyderabad Circle
Jangaon,Hyderabad Circle
Champapet,Hyderabad Circle
"SME Center, Hyderabad",Hyderabad Circle
Mahbubnagar,Hyderabad Circle
Kanteswar,Hyderabad Circle
Marredpally,Hyderabad Circle
Kadapa,Hyderabad Circle
Tolichowki,Hyderabad Circle
Nandyal,Hyderabad Circle
Khammam (Andhra Pradesh),Hyderabad Circle
CPC - Hyderabad,Hyderabad Circle
A S Rao Nagar (Hyderabad),Hyderabad Circle
Adoni,Hyderabad Circle
Branch Kurnool II,Hyderabad Circle
Himayath Nagar,Hyderabad Circle
Masab Tank,Hyderabad Circle
Mehdipatnam Junction Road,Hyderabad Circle
Tirumalghery,Hyderabad Circle
"Road No.2, Banjara Hills Branch",Hyderabad Circle
Miryalguda (Andhra Pradesh),Hyderabad Circle
Hydernagar,Hyderabad Circle
Warangal (Andhra Pradesh),Hyderabad Circle
Motinagar,Hyderabad Circle
Suryapet,Hyderabad Circle
Dilsukhnagar,Hyderabad Circle
Balanagar,Hyderabad Circle
Alwal Branch,Hyderabad Circle
WARANGAL Cluster,Hyderabad Circle
Sathupally,Hyderabad Circle
L B NAGAR,Hyderabad Circle
Nalgonda,Hyderabad Circle
Zahirabad,Hyderabad Circle
Mahabubabad,Hyderabad Circle
Malkajgiri,Hyderabad Circle
"SME Centre, Hyderabad 2",Hyderabad Circle
KURNOOL Cluster,Hyderabad Circle
Rayachoti,Hyderabad Circle
Kurnool,Hyderabad Circle
Medchal,Hyderabad Circle
Peddapalli,Hyderabad Circle
Quthbullapur,Hyderabad Circle
Kothagudem,Hyderabad Circle
Serilingampally,Hyderabad Circle
Jammikunta,Hyderabad Circle
Sircilla,Hyderabad Circle
BN REDDY BRANCH HYD TG,Hyderabad Circle
"Gachibowli, Andra Pradesh",Hyderabad Circle
Prakash Nagar,Hyderabad Circle
Shamshabad,Hyderabad Circle
Rajampet,Hyderabad Circle
Adilabad,Hyderabad Circle
Yemmiganur,Hyderabad Circle
Kothapet,Hyderabad Circle
BALAJI NAGAR HYD TG,Hyderabad Circle
Hanuman Tekdi,Hyderabad Circle
Gandhi Chowk,Hyderabad Circle
ASC - Tarnaka Hyderabad,Hyderabad Circle
KGH ROAD VISH AP,Hyderabad Circle
Gadwal,Hyderabad Circle
Nizampet,Hyderabad Circle
Habsiguda,Hyderabad Circle
FINANCIAL DISTR HYD TG,Hyderabad Circle
"Banjara Hills, Road No.12",Hyderabad Circle
Vavilalapally,Hyderabad Circle
ASC - Warangal,Hyderabad Circle
CPC - Gachibowli,Hyderabad Circle
Mancherial,Hyderabad Circle
"Agri Business Centre, Hyderabad",Hyderabad Circle
Vikarabad,Hyderabad Circle
Amberpet,Hyderabad Circle
Basheerbagh Branch,Hyderabad Circle
Peddahottur,Hyderabad Circle
Bibinagar,Hyderabad Circle
Kotbaspalle,Hyderabad Circle
Vemugodu,Hyderabad Circle
"Agri Business Center, Hyderabad",Hyderabad Circle
Kochi Circle,Kerela Circle
Nedumangad,Kerela Circle
Thiruvananthapuram,Kerela Circle
"East Fort, Thrissur",Kerela Circle
Thrissur,Kerela Circle
Kochi (Kerala),Kerela Circle
INFOSYS BRANCH TVM KL,Kerela Circle
Polayathodu,Kerela Circle
KONDOTTY KNDT KL,Kerela Circle
Trivandrum Cluster,Kerela Circle
Sreekaryam,Kerela Circle
Karunagapally,Kerela Circle
Chalakudy,Kerela Circle
Payyannur,Kerela Circle
Pathanamthitta,Kerela Circle
Thalassery,Kerela Circle
Kazhakuttam,Kerela Circle
Kalamassery,Kerela Circle
Ottapalam,Kerela Circle
Kollam,Kerela Circle
Kottayam,Kerela Circle
Willingdon Island,Kerela Circle
ASC - Kochi,Kerela Circle
Kozhikode (Calicut),Kerela Circle
Aluva (Kerala),Kerela Circle
Guruvayoor,Kerela Circle
Calicut Cluster,Kerela Circle
Vadakara,Kerela Circle
Thiruvananthapuram Currency Chest,Kerela Circle
"SME Centre, Kozhikode",Kerela Circle
CPC - Kochi,Kerela Circle
"South Bazar Branch, Kannur",Kerela Circle
Kannur,Kerela Circle
Malappuram,Kerela Circle
ASC - Thiruvananthapuram,Kerela Circle
Taliparamba,Kerela Circle
Ramanattukara,Kerela Circle
Angamaly,Kerela Circle
Adoor,Kerela Circle
Ravipuram,Kerela Circle
"Palakkad, Kerala",Kerela Circle
Kowdiar,Kerela Circle
Vennala,Kerela Circle
Thrippunithura,Kerela Circle
"Perumbavoor, Kerala",Kerela Circle
Kallai Road,Kerela Circle
Kasargod,Kerela Circle
Northparavur,Kerela Circle
Kanhangad,Kerela Circle
Kochi Currency Chest,Kerela Circle
Changanasseri,Kerela Circle
Panampilly Nagar,Kerela Circle
Karamana,Kerela Circle
Perinthalmanna,Kerela Circle
"SME Center,Kochi",Kerela Circle
Kunnamkulam,Kerela Circle
Kothamangalam,Kerela Circle
Mavoor Road,Kerela Circle
Malapparamba,Kerela Circle
Palai,Kerela Circle
Palarivattom,Kerela Circle
Cherthala,Kerela Circle
Kaloor,Kerela Circle
Thodupuzha (Kerala),Kerela Circle
Irinjalakuda,Kerela Circle
Thiruvalla,Kerela Circle
Kottarakkara,Kerela Circle
Thrikkakara,Kerela Circle
Nilambur,Kerela Circle
Sulthanbathery,Kerela Circle
Kottakkal,Kerela Circle
SASTHAMANGALAM TRIV KL,Kerela Circle
CPC - Thiruvananthapuram,Kerela Circle
Vytilla,Kerela Circle
Attingal,Kerela Circle
Manjeri,Kerela Circle
Kodungallur,Kerela Circle
CHENGANNUR CHE KL,Kerela Circle
Tirur,Kerela Circle
Alappuzha (Kerala),Kerela Circle
Mavelikkara,Kerela Circle
Kochi Cluster,Kerela Circle
RANNI RANN KL,Kerela Circle
ASC - Thrissur,Kerela Circle
ASC - Calicut,Kerela Circle
ASC - Kottayam,Kerela Circle
ASC - Kochi East,Kerela Circle
"Agri Business Center, Kochi",Kerela Circle
CPC - Calicut,Kerela Circle
Vijayawada Circle,Andhra Circle
Kanuru,Andhra Circle
Kakinada,Andhra Circle
Chilakaluripet,Andhra Circle
Guntur,Andhra Circle
Rajahmundry Cluster,Andhra Circle
Tenali,Andhra Circle
Bhavanipuram,Andhra Circle
P L Puram,Andhra Circle
Vijayawada Currency Chest,Andhra Circle
Ongole (Andhra Pradesh),Andhra Circle
Eluru,Andhra Circle
ASC - Vijayawada,Andhra Circle
Lakshmipuram,Andhra Circle
Vijayawada,Andhra Circle
Gannavaram,Andhra Circle
Dwaraka Nagar (Visakhapatnam),Andhra Circle
Rajahmundry (Andhra Pradesh),Andhra Circle
Madanpalle,Andhra Circle
"Danavaipet, Rajahmundry",Andhra Circle
Ashoknagar,Andhra Circle
Hindupur,Andhra Circle
Ramachandrapuram,Andhra Circle
One Town,Andhra Circle
Palamaner,Andhra Circle
Murali Nagar,Andhra Circle
Repalle,Andhra Circle
Vinukonda,Andhra Circle
Pattabhipuram,Andhra Circle
MVP Colony,Andhra Circle
Bapatla (Andhra Pradesh),Andhra Circle
Gopalapatnam,Andhra Circle
Ram Nagar,Andhra Circle
KOTHAPET GUN AP,Andhra Circle
Satyanarayanapuram,Andhra Circle
Kanakamahal Centre,Andhra Circle
Poolapalle,Andhra Circle
Srikalahasthi,Andhra Circle
Narasarapet (Andhra Pradesh),Andhra Circle
Seethamdhara,Andhra Circle
Nellore-Andhra Pradesh,Andhra Circle
Alamuru (Andhra Pradesh),Andhra Circle
Srikakulam (Andhra Pradesh),Andhra Circle
"MVP Colony, Visakhapatnam",Andhra Circle
Dharmavaram,Andhra Circle
Tadepalligudem,Andhra Circle
Peddapuram,Andhra Circle
Kasibugga Branch,Andhra Circle
Kavali,Andhra Circle
ASC - Vishakhapatnam,Andhra Circle
Anakapalle,Andhra Circle
"Sarpavaram, Kakinada",Andhra Circle
Vizianagaram,Andhra Circle
Chillakallu,Andhra Circle
Muthukur,Andhra Circle
Madhurawada,Andhra Circle
Tirupati,Andhra Circle
Chirala,Andhra Circle
Gudivada (Andhra Pradesh),Andhra Circle
Jangareddigudem(Andhra Pradesh),Andhra Circle
Bhimavaram,Andhra Circle
Bobilli Branch,Andhra Circle
Sullurpeta,Andhra Circle
Eluru Road,Andhra Circle
Kandukuru,Andhra Circle
BC Road,Andhra Circle
"Srikakulam, Andhra Pradesh",Andhra Circle
Addanki,Andhra Circle
Kaikaluru,Andhra Circle
"Anantapur, Andhra Pradesh",Andhra Circle
Gudur,Andhra Circle
Paidiparru (Andhra Pradesh),Andhra Circle
Chinnamiram,Andhra Circle
Nuzvid,Andhra Circle
Sattenapalle,Andhra Circle
"SME Center, Vijayawada",Andhra Circle
"SME Center,Vijayawada",Andhra Circle
Air by pass Road,Andhra Circle
Markapur,Andhra Circle
Gajuwaka,Andhra Circle
Guntakal,Andhra Circle
Mangalagari,Andhra Circle
"SME Center,Visakhapatnam",Andhra Circle
Yanam,Andhra Circle
Piduguralla,Andhra Circle
Mangamuru,Andhra Circle
Nagari,Andhra Circle
Chittoor (Andhra Pradesh),Andhra Circle
Vizag Cluster,Andhra Circle
Rajam,Andhra Circle
Nellore Cluster,Andhra Circle
Puluru,Andhra Circle
Machilipatnam (Andhra Pradesh),Andhra Circle
Narsipatnam,Andhra Circle
CPC - Nellore,Andhra Circle
Pandurangapuram,Andhra Circle
"ACMC Center, Vijayawada - Spoke 1",Andhra Circle
Tadipatri,Andhra Circle
CPC - Vijayawada,Andhra Circle
NIDADAVOLE,Andhra Circle
"Agri Business Center, Vijayawada",Andhra Circle
Edarapalli (Andhra Pradesh),Andhra Circle
CPC - Vishakhapatnam,Andhra Circle
Akkayapalem,Andhra Circle
ASC - Nellore,Andhra Circle
Kadiri,Andhra Circle
Jayanthi,Andhra Circle
ASC - Rajamundry,Andhra Circle
"SME Center, Vishakhapatnam",Andhra Circle
Paritala,Andhra Circle
Annapoorna,Bhopal Circle
Bhopal Circle,Bhopal Circle
Dewas (Madhya Pradesh),Bhopal Circle
"Airport Road, Indore",Bhopal Circle
Indore Currency Chest,Bhopal Circle
Gwalior,Bhopal Circle
Bhopal,Bhopal Circle
"Kolar Road, Bhopal",Bhopal Circle
"New Market, Bhopal",Bhopal Circle
ASC - Indore,Bhopal Circle
Neemuch (Madhya Pradesh),Bhopal Circle
Indore,Bhopal Circle
Bicholi Hapsi,Bhopal Circle
CPC - Bhopal,Bhopal Circle
"SME Center,Indore",Bhopal Circle
Koh E Fiza,Bhopal Circle
Awadhpuri Bhopal,Bhopal Circle
Vijayanagar,Bhopal Circle
Bhopal South Cluster,Bhopal Circle
"Kanadiya Road , Indore",Bhopal Circle
Marimata Square,Bhopal Circle
Berasia Road,Bhopal Circle
Lasudia Mori,Bhopal Circle
Rau,Bhopal Circle
Pipariya,Bhopal Circle
Sukhaliya,Bhopal Circle
Guna,Bhopal Circle
Ujjain (Madhya Pradesh),Bhopal Circle
"Kanthal, Ujjain",Bhopal Circle
Gulmohar,Bhopal Circle
Barwani,Bhopal Circle
Bittan Market (Bhopal),Bhopal Circle
ASC - Bhopal,Bhopal Circle
Gawli Palasia,Bhopal Circle
Kalapipal,Bhopal Circle
"SME Centre, BHO",Bhopal Circle
"Itwariya Bazar Rajwada, Indore",Bhopal Circle
Khandwa,Bhopal Circle
Rajgarh,Bhopal Circle
Transport Nagar,Bhopal Circle
Burhanpur,Bhopal Circle
"Agri Business Center, Indore",Bhopal Circle
Morena,Bhopal Circle
"Lashkar,Gwalior",Bhopal Circle
Mandsaur,Bhopal Circle
"Sapna Sangita Road,Indore(Madhya Pradesh)",Bhopal Circle
"SME Center, Indore",Bhopal Circle
Vidisha,Bhopal Circle
MTH Compound,Bhopal Circle
Ratlam,Bhopal Circle
Dangguthina,Bhopal Circle
Jaora,Bhopal Circle
Dabra,Bhopal Circle
Gwalior Cluster,Bhopal Circle
Bagdona,Bhopal Circle
Hoshangabad,Bhopal Circle
Bhimakheda,Bhopal Circle
CPC - Indore,Bhopal Circle
Deedwana Oli Sarafa Bazaar,Bhopal Circle
Murar,Bhopal Circle
Ashok Nagar,Bhopal Circle
Dhar,Bhopal Circle
Bhind,Bhopal Circle
Harda,Bhopal Circle
Indrapuri,Bhopal Circle
Sendhwa,Bhopal Circle
Pithampur,Bhopal Circle
Jhabua,Bhopal Circle
Sehore,Bhopal Circle
"Peergate, Bhopal",Bhopal Circle
"AB Road, Indore",Bhopal Circle
Palda,Bhopal Circle
"Hoshangabad Road,Bhopal",Bhopal Circle
Shajapur,Bhopal Circle
Beetul,Bhopal Circle
Datia,Bhopal Circle
Alirajpur,Bhopal Circle
Shivpuri,Bhopal Circle
Nehru Nagar Bhopal,Bhopal Circle
Chandukhedi,Bhopal Circle
Khargone,Bhopal Circle
Katara,Bhopal Circle
Mandideep,Bhopal Circle
Sanawad,Bhopal Circle
Sheopur,Bhopal Circle
Itarsi,Bhopal Circle
Kolaras,Bhopal Circle
Nagda,Bhopal Circle
Sinhasa,Bhopal Circle
Pilukhedi,Bhopal Circle
Raghogarh,Bhopal Circle
 Ringnodiya,Bhopal Circle
Indore Cluster,Bhopal Circle
Pitgara,Bhopal Circle
Anjad,Bhopal Circle
Ganga Malanpur,Bhopal Circle
Raipur Kala,Bhopal Circle
Ratanpur,Bhopal Circle
Raisen,Bhopal Circle
CPC - Gwalior,Bhopal Circle
Ujjain Cluster,Bhopal Circle
"ACMC Center, Bhopal-Spoke 2",Bhopal Circle
Bhopal Cluster,Bhopal Circle
ASC - Indore 2,Bhopal Circle
ASC - Gwalior,Bhopal Circle
Chandlodiya,Gujarat Circle
Maninagar (Ahmedabad),Gujarat Circle
Surat Cluster,Gujarat Circle
Gujarat Circle,Gujarat Circle
Shahibaug (Ahmedabad),Gujarat Circle
Naroda,Gujarat Circle
Ahmedabad - East Cluster,Gujarat Circle
Ahmedabad,Gujarat Circle
Kutch Cluster,Gujarat Circle
Ahmedabad - West Cluster,Gujarat Circle
"SME Centre, VDO",Gujarat Circle
Varachha Road,Gujarat Circle
"Corporate Banking Branch (CBB), Ahmedabad",Gujarat Circle
Gandhinagar (Gujrat),Gujarat Circle
"Shastri Maidan, Rajkot",Gujarat Circle
Changodar,Gujarat Circle
Science City,Gujarat Circle
Pratapnagar,Gujarat Circle
Metoda,Gujarat Circle
Ahmedabad Circle,Gujarat Circle
Ahmedabad - North Cluster,Gujarat Circle
Gandhidham,Gujarat Circle
Rajkot Cluster,Gujarat Circle
"SME Centre, Ahmedabad 2",Gujarat Circle
Navrangpura,Gujarat Circle
Sarangpur,Gujarat Circle
Rapar,Gujarat Circle
Tathithaiya,Gujarat Circle
Sarkhej Gandhinagar Highway-Ahm,Gujarat Circle
Manjalpur,Gujarat Circle
Naranpura (Ahmedabad),Gujarat Circle
Vega,Gujarat Circle
"SME-Geography,West 2",Gujarat Circle
Ahmedabad Currency Chest,Gujarat Circle
Manavadar,Gujarat Circle
Kapodra,Gujarat Circle
Valsad,Gujarat Circle
Mehsana (Gujarat),Gujarat Circle
Valsad Cluster,Gujarat Circle
"Digvijay Plot, Jamnagar",Gujarat Circle
Jamnagar,Gujarat Circle
Sola Cross Road,Gujarat Circle
ASC - Ahmedabad,Gujarat Circle
Asarwa (Ahmedabad),Gujarat Circle
Ghatlodiya,Gujarat Circle
Godhra (Gujarat),Gujarat Circle
Mahuva,Gujarat Circle
Sayajigunj,Gujarat Circle
Dhoraji,Gujarat Circle
Chhatral,Gujarat Circle
Junagadh (Gujarat),Gujarat Circle
Khanusa,Gujarat Circle
Radhanpur,Gujarat Circle
Rajkot (Gujrat),Gujarat Circle
Vasna Road,Gujarat Circle
Kalol (Gujarat),Gujarat Circle
Surendranagar (Gujarat),Gujarat Circle
Nizampura (Gujarat),Gujarat Circle
Govindi,Gujarat Circle
Amreli (Gujarat),Gujarat Circle
Dahod (Gujarat),Gujarat Circle
Relief Road (Ahmedabad),Gujarat Circle
Ankleshwar (Gujarat),Gujarat Circle
Utraj,Gujarat Circle
Memnagar,Gujarat Circle
Nehrunagar,Gujarat Circle
Vallabh Vidyanagar,Gujarat Circle
Vasna,Gujarat Circle
Sihor,Gujarat Circle
CPC - Surat,Gujarat Circle
ASC - Rajkot,Gujarat Circle
Kareli Baug (Vadodara),Gujarat Circle
"Agri Business Center, Rajkot",Gujarat Circle
Vadodora,Gujarat Circle
"Palanpur, Gujrat",Gujarat Circle
Satellite,Gujarat Circle
Surat,Gujarat Circle
Budasan,Gujarat Circle
Bharuch (Gujarat),Gujarat Circle
 Sansoli,Gujarat Circle
Vastral,Gujarat Circle
CCMC - Ahmedabad,Gujarat Circle
Gondal,Gujarat Circle
Deesa (Gujrat),Gujarat Circle
Millennium Textile Market-Surat,Gujarat Circle
Patan (Gujarat),Gujarat Circle
Lokhand Bazar,Gujarat Circle
Bharuch Cluster,Gujarat Circle
Vesu,Gujarat Circle
Madhapar,Gujarat Circle
Bopal,Gujarat Circle
Bhavnagar Cluster,Gujarat Circle
Jamjodhpur,Gujarat Circle
Samagoga,Gujarat Circle
Mundra (Gujarat),Gujarat Circle
Udhna,Gujarat Circle
Dhrol,Gujarat Circle
Diu,Gujarat Circle
"Alipura , Bodeli",Gujarat Circle
Veraval,Gujarat Circle
Mandali (Vihar),Gujarat Circle
Akota,Gujarat Circle
Chikhli,Gujarat Circle
Usmanpura,Gujarat Circle
Morbi,Gujarat Circle
Halol,Gujarat Circle
Dahej,Gujarat Circle
Visnagar (Gujarat),Gujarat Circle
Gotri,Gujarat Circle
ASC - Surat,Gujarat Circle
Botad,Gujarat Circle
Isanpur,Gujarat Circle
Odhav,Gujarat Circle
Visavadar,Gujarat Circle
Udwada,Gujarat Circle
 Kobadi,Gujarat Circle
Bhavnagar,Gujarat Circle
Rajkot Currency Chest,Gujarat Circle
Vejalpur,Gujarat Circle
Athwalines,Gujarat Circle
Sundarna,Gujarat Circle
Ghanteshwar,Gujarat Circle
Mehsana Cluster,Gujarat Circle
Dholka,Gujarat Circle
Anjar,Gujarat Circle
Akwada,Gujarat Circle
Borsad,Gujarat Circle
"SME Center, Ahmedabad",Gujarat Circle
"3rd Eye One, Ahmedabad",Gujarat Circle
Chala,Gujarat Circle
ASC - Mehsana,Gujarat Circle
Adajan,Gujarat Circle
Katargam,Gujarat Circle
Navsari (Gujarat),Gujarat Circle
CPC - Rajkot,Gujarat Circle
Kudasan,Gujarat Circle
Wakaner,Gujarat Circle
Dahegam,Gujarat Circle
Hatkeshwar,Gujarat Circle
Lathi,Gujarat Circle
CPC - Ahmedabad,Gujarat Circle
Adipur,Gujarat Circle
Old Padra Road,Gujarat Circle
"SME Center,Rajkot",Gujarat Circle
CPC - Vadodora,Gujarat Circle
Padra,Gujarat Circle
Surat Circle,Gujarat Circle
Daman,Gujarat Circle
Siloj,Gujarat Circle
Jetpur,Gujarat Circle
Bapunagar,Gujarat Circle
Vapi (Gujrat),Gujarat Circle
Rahadpor,Gujarat Circle
Khambhat,Gujarat Circle
Asura,Gujarat Circle
Samadhiyala No.1,Gujarat Circle
"Bhagal, Surat",Gujarat Circle
Pilaji Gunj,Gujarat Circle
Chandkheda,Gujarat Circle
"SME Center,Ahmedabad",Gujarat Circle
Vahera,Gujarat Circle
Bhaktinagar,Gujarat Circle
Dungar,Gujarat Circle
Khadat,Gujarat Circle
Navagam,Gujarat Circle
Atul (Valsad),Gujarat Circle
Udalpur,Gujarat Circle
CG Road,Gujarat Circle
"Agri Business Center, Ahmedabad",Gujarat Circle
Nani Kadi,Gujarat Circle
Kalavad Branch,Gujarat Circle
Gandhinagar Cluster,Gujarat Circle
 Mamsa,Gujarat Circle
"SME Center,Surat",Gujarat Circle
Anand (Gujarat),Gujarat Circle
Narol,Gujarat Circle
Vajegadh,Gujarat Circle
Devgad Baria,Gujarat Circle
Fotdi,Gujarat Circle
Vastrapur,Gujarat Circle
Asnabad,Gujarat Circle
Ranip,Gujarat Circle
Nadiad (Gujrat),Gujarat Circle
Himatnagar (Gujarat),Gujarat Circle
Modasa,Gujarat Circle
Mavdi,Gujarat Circle
Vyara,Gujarat Circle
Abrama,Gujarat Circle
Jasalpur,Gujarat Circle
Ashram Road,Gujarat Circle
Baroi,Gujarat Circle
 Dhamadka,Gujarat Circle
Kodinar,Gujarat Circle
Vansda,Gujarat Circle
Joshikuva,Gujarat Circle
Valia,Gujarat Circle
Silvassa,Gujarat Circle
Naranpar,Gujarat Circle
Rajpipla (Gujarat),Gujarat Circle
Vallabh Vidyanagar Cluster,Gujarat Circle
Atladara,Gujarat Circle
Paldi,Gujarat Circle
Umbergaon,Gujarat Circle
Khambalia Branch,Gujarat Circle
Mandvi,Gujarat Circle
Subhanpura,Gujarat Circle
Bokarwada,Gujarat Circle
"Panch Batti, Bharuch",Gujarat Circle
Bhachau,Gujarat Circle
Pipavav,Gujarat Circle
 Palod,Gujarat Circle
Keshod,Gujarat Circle
Gariadhar,Gujarat Circle
Unjha,Gujarat Circle
Sokhda,Gujarat Circle
Sanand,Gujarat Circle
Vadodara Cluster,Gujarat Circle
Moti Bhoyan,Gujarat Circle
Bhuj,Gujarat Circle
Drive In Road,Gujarat Circle
South Bopal,Gujarat Circle
Bardoli (Gujrat),Gujarat Circle
Tarasadi,Gujarat Circle
Sama Savli Road,Gujarat Circle
Ved Road,Gujarat Circle
Pandesara,Gujarat Circle
ASC - Adajan,Gujarat Circle
Dwarka,Gujarat Circle
Harij,Gujarat Circle
Dhandhuka,Gujarat Circle
Rajula,Gujarat Circle
Bagasara,Gujarat Circle
Mangrol,Gujarat Circle
Idar,Gujarat Circle
Wada,Gujarat Circle
Hadadad,Gujarat Circle
 Chandrapur,Gujarat Circle
Piplod,Gujarat Circle
Waghodia,Gujarat Circle
Viramgam,Gujarat Circle
Bhadraniya,Gujarat Circle
ASC - Vadodora,Gujarat Circle
Masat,Gujarat Circle
Sankardi,Gujarat Circle
"Magob, Surat",Gujarat Circle
Ichchapore,Gujarat Circle
Jambusar,Gujarat Circle
Gadhada,Gujarat Circle
Mota Varachha,Gujarat Circle
Palanpur Patia,Gujarat Circle
 Moti Dau,Gujarat Circle
Talaja,Gujarat Circle
Porbandar,Gujarat Circle
Nanakwada,Gujarat Circle
Palitana,Gujarat Circle
Chitra,Gujarat Circle
ASC - Gandhinagar,Gujarat Circle
Vasna-Meghraj,Gujarat Circle
"MCMC, Vadodara",Gujarat Circle
Jambodiya,Gujarat Circle
Upleta,Gujarat Circle
Vav,Gujarat Circle
 Padana,Gujarat Circle
Paddhari Branch,Gujarat Circle
Savarkundla,Gujarat Circle
Bagdawada,Gujarat Circle
Pipar,Gujarat Circle
Jogvad,Gujarat Circle
Ranchod Nagar,Gujarat Circle
Dhrangdhra,Gujarat Circle
 Sosiya,Gujarat Circle
Jasdan,Gujarat Circle
Tad,Gujarat Circle
CPC-Mehsana,Gujarat Circle
Randesan,Gujarat Circle
Hansalpur Becharaji,Gujarat Circle
Chharwada,Gujarat Circle
Kharvasa,Gujarat Circle
"Shivranjani Cross Road, Ahmedabad",Gujarat Circle
Karoli,Gujarat Circle
Umreth,Gujarat Circle
Bhatasan,Gujarat Circle
Vanki,Gujarat Circle
Enasan,Gujarat Circle
Dungra,Gujarat Circle
RO_AMD_Axis Bank Registered Office,Gujarat Circle
CPC - Gandhidham,Gujarat Circle
Vanz,Gujarat Circle
Kaliavav,Gujarat Circle
Virpar,Gujarat Circle
ASC - Jamnagar,Gujarat Circle
 Finav,Gujarat Circle
Ghanghali,Gujarat Circle
 Bhaner,Gujarat Circle
Haripura,Gujarat Circle
"SME Center, Surat",Gujarat Circle
ASC - Gandhidham,Gujarat Circle
ASC - Vapi,Gujarat Circle
ASC - Bhavnagar,Gujarat Circle
Dadar West,Mumbai Circle
Nariman Point Mumbai,Mumbai Circle
Mumbai Circle,Mumbai Circle
Mumbai (Fort),Mumbai Circle
Vile Parle - E,Mumbai Circle
MIDC-Andheri (Mumbai),Mumbai Circle
"Corporate Park, 3rd Floor",Mumbai Circle
"Crawford Market,Mumbai",Mumbai Circle
Dharavi,Mumbai Circle
Malad,Mumbai Circle
Virar Cluster,Mumbai Circle
"Corporate Park, 2nd Floor",Mumbai Circle
Kandivli(East) Mumbai,Mumbai Circle
"Naupada, Thane",Mumbai Circle
Borivali (East),Mumbai Circle
"Corporate Banking Branch (CBB), Mumbai",Mumbai Circle
J P Road Branch,Mumbai Circle
Chembur Currency Chest,Mumbai Circle
Bhiwandi,Mumbai Circle
Dadar (Mumbai),Mumbai Circle
"Corporate Park, 1st Floor",Mumbai Circle
Andheri,Mumbai Circle
Bandra,Mumbai Circle
Yogi Nagar,Mumbai Circle
Raigad Cluster,Mumbai Circle
Byculla,Mumbai Circle
"Dindoshi, Mumbai",Mumbai Circle
"Ashok Nagar, Kandivali (E)",Mumbai Circle
Navi Mumbai Cluster,Mumbai Circle
Borivali-West,Mumbai Circle
Worli,Mumbai Circle
Bhandup (Maharashtra),Mumbai Circle
Charni Road,Mumbai Circle
Mira Road,Mumbai Circle
Bandra Kurla Complex,Mumbai Circle
Manpada (Maharashtra),Mumbai Circle
Panvel,Mumbai Circle
Ghatkopar,Mumbai Circle
"Utalsar (Thane,Maharashtra)",Mumbai Circle
Airoli,Mumbai Circle
Thane Cluster,Mumbai Circle
Bhuleshwar,Mumbai Circle
Andheri (East) Maharashtra,Mumbai Circle
Dombivali (West),Mumbai Circle
Bhayander West,Mumbai Circle
Saki Naka,Mumbai Circle
Powai (Mumbai),Mumbai Circle
Kandivali,Mumbai Circle
"SME Centre, MUM3",Mumbai Circle
Ghatkopar (West),Mumbai Circle
Kurla (West),Mumbai Circle
"Bandra Reclamation, Mumbai",Mumbai Circle
Oshiwara,Mumbai Circle
JUINAGAR,Mumbai Circle
Seven Bunglows,Mumbai Circle
Vasai,Mumbai Circle
"S V Road, Andheri (West)",Mumbai Circle
Andheri East Rajmata Jijabai Road,Mumbai Circle
Uran,Mumbai Circle
Mira Bhayander,Mumbai Circle
"Louiswadi, Thane",Mumbai Circle
Vashi,Mumbai Circle
Shantipark Mira Road,Mumbai Circle
Churchgate,Mumbai Circle
Zaveri Bazar,Mumbai Circle
Veera Desai Road,Mumbai Circle
Napeansea Road,Mumbai Circle
Vartak Nagar,Mumbai Circle
Dattapada Road,Mumbai Circle
Tardeo Branch,Mumbai Circle
Santacruz (West),Mumbai Circle
Springfields (PB Lokhandwala),Mumbai Circle
New Panvel,Mumbai Circle
"SME Centre, MUM1",Mumbai Circle
Kalyan West,Mumbai Circle
"LBS Marg (Mulund,Maharashtra)",Mumbai Circle
Shivaji Park (Mumbai),Mumbai Circle
CCMC - Mumbai,Mumbai Circle
Vileparle,Mumbai Circle
Sanpada,Mumbai Circle
"Nerul (East), Navi Mumbai",Mumbai Circle
Goregaon (West),Mumbai Circle
Koperkhairne,Mumbai Circle
Hiranandani Estate,Mumbai Circle
Kalamboli,Mumbai Circle
Central Mumbai Cluster,Mumbai Circle
Nalasopara (West) Maharashtra,Mumbai Circle
Sion,Mumbai Circle
Old Nagardas Road,Mumbai Circle
Worli Naka,Mumbai Circle
ASC - Kalina,Mumbai Circle
Mahalaxmi,Mumbai Circle
Badlapur Branch,Mumbai Circle
Goregaon (East),Mumbai Circle
Andheri Cluster,Mumbai Circle
Mahape,Mumbai Circle
Pant Nagar,Mumbai Circle
Mulund East,Mumbai Circle
Ulhasnagar,Mumbai Circle
Chembur,Mumbai Circle
CBD Belapur,Mumbai Circle
Bandra (East),Mumbai Circle
"Kandivali West, Link Road",Mumbai Circle
Dahisar (E),Mumbai Circle
Kharghar (Navi Mumbai),Mumbai Circle
Turbhe,Mumbai Circle
Pen,Mumbai Circle
Saki Naka Junction,Mumbai Circle
"SME-Geography,West 1",Mumbai Circle
"Parnaka, Vasai West",Mumbai Circle
Murbad,Mumbai Circle
Nerul(Navi Mumbai),Mumbai Circle
Mulund (West)Mumbai,Mumbai Circle
"Mazgaon, Mumbai",Mumbai Circle
"Ghodbunder Road, thane",Mumbai Circle
ASC - Navi Mumbai,Mumbai Circle
Alibag,Mumbai Circle
Bandra Pali Hills,Mumbai Circle
Virar,Mumbai Circle
Cuffe Parade (Mumbai),Mumbai Circle
New Marine Lines Mumbai,Mumbai Circle
Taloja,Mumbai Circle
Ambernath,Mumbai Circle
Virar East,Mumbai Circle
Malad (East) Branch,Mumbai Circle
Dombivli (Mumbai),Mumbai Circle
Peddar Road Branch,Mumbai Circle
Dahisar (West),Mumbai Circle
"Khadakpada, Kalyan",Mumbai Circle
Tilak Nagar,Mumbai Circle
CHANDIVALI,Mumbai Circle
Khar Station,Mumbai Circle
Sion Trombay,Mumbai Circle
ROHA ASTAMI,Mumbai Circle
Jogeshwari Currency Chest,Mumbai Circle
Upper Govind Nagar,Mumbai Circle
Sai Baba Nagar,Mumbai Circle
Thane East,Mumbai Circle
Ranade Road,Mumbai Circle
"Kalanagar, Bandra East",Mumbai Circle
ASC - Thane,Mumbai Circle
"M G Road, Kandivali",Mumbai Circle
"BDB, Bandra",Mumbai Circle
Borivali IC Colony,Mumbai Circle
Borivali Cluster,Mumbai Circle
"SME-Geography,West",Mumbai Circle
ASC - Mira Road,Mumbai Circle
Vashi APMC,Mumbai Circle
CPC - Navi Mumbai,Mumbai Circle
ASC - Virar,Mumbai Circle
"Sector 10, Vashi",Mumbai Circle
CPC - Mumbai,Mumbai Circle
"Parel, Mumbai",Mumbai Circle
"Kamothe, Navi Mumbai",Mumbai Circle
ASC - Goregaon,Mumbai Circle
Vile Parle (West),Mumbai Circle
Chowpatty,Mumbai Circle
Nahur,Mumbai Circle
"Off Linking Road, Bandra West",Mumbai Circle
Khar,Mumbai Circle
Orlem,Mumbai Circle
Thakur Village,Mumbai Circle
CPC - Thane,Mumbai Circle
Jogeshwari,Mumbai Circle
Govandi,Mumbai Circle
Vakola,Mumbai Circle
Ulhasnagar East,Mumbai Circle
Goregaon Link Rd,Mumbai Circle
CPC - Goregaon,Mumbai Circle
Bandra Cluster,Mumbai Circle
Boisor,Mumbai Circle
Kanjurmarg,Mumbai Circle
Sunder Nagar,Mumbai Circle
Palghar,Mumbai Circle
"ACMC Center, Mumbai",Mumbai Circle
Vikhroli West,Mumbai Circle
Sewri,Mumbai Circle
"Lamington Road, Mumbai Branch",Mumbai Circle
Mahim,Mumbai Circle
Mandvi,Mumbai Circle
Ghansoli,Mumbai Circle
ASC - Mumbai,Mumbai Circle
"Tembhi Naka, Thane",Mumbai Circle
"SME Centre, Mumbai1B",Mumbai Circle
DAHANU,Mumbai Circle
Mumbra,Mumbai Circle
Gokhale Road,Mumbai Circle
MOHPADA (RASAYANI),Mumbai Circle
"Hill Road, Bandra",Mumbai Circle
Mumbai Service Branch,Mumbai Circle
Juhu,Mumbai Circle
"Kharghar, Sector 35",Mumbai Circle
ASC - Kalyan,Mumbai Circle
"SME Centre, MUM2",Mumbai Circle
"SME Center,Mumbai",Mumbai Circle
ASC - Chembur,Mumbai Circle
ASC-South Mumbai,Mumbai Circle
Chembur Cluster,Mumbai Circle
Nashik Cluster,Nagpur Circle
Nagpur Circle,Nagpur Circle
Nashik (Maharashtra),Nagpur Circle
Nashik Currency Chest,Nagpur Circle
Devalali,Nagpur Circle
"Shankar Nagar, Nagpur",Nagpur Circle
Akola,Nagpur Circle
Amravati (Maharashtra),Nagpur Circle
Aurangabad Cluster,Nagpur Circle
Cidco,Nagpur Circle
Bhusawal,Nagpur Circle
Nashik Road,Nagpur Circle
CPC - Nashik,Nagpur Circle
Wardharoad Nagpur,Nagpur Circle
Nagpur,Nagpur Circle
Nagpur Currency Chest,Nagpur Circle
Partur,Nagpur Circle
Nanded (Maharashtra),Nagpur Circle
Jalgaon Cluster,Nagpur Circle
"Nagpur (East), Maharashtra",Nagpur Circle
Khamgaon,Nagpur Circle
"Medical Square, Nagpur",Nagpur Circle
Madhav Nagar,Nagpur Circle
Akot,Nagpur Circle
Jalgaon,Nagpur Circle
Wadi,Nagpur Circle
Gadchiroli,Nagpur Circle
Washim,Nagpur Circle
Lasalgaon,Nagpur Circle
Pusad,Nagpur Circle
Swavalambi Nagar Branch,Nagpur Circle
Yavatmal (Maharashtra),Nagpur Circle
"Agri Business Center, Aurangabad",Nagpur Circle
Waluj,Nagpur Circle
Ahmednagar,Nagpur Circle
Mahatma Nagar,Nagpur Circle
Chopda,Nagpur Circle
Ghoti,Nagpur Circle
Malegaon,Nagpur Circle
"Gangapur Road, Nashik",Nagpur Circle
Nagpur Cluster,Nagpur Circle
Bodhale Nagar,Nagpur Circle
CPC - Aurangabad,Nagpur Circle
Aurangabad,Nagpur Circle
Wani,Nagpur Circle
"SME Center,Nagpur",Nagpur Circle
Anjangaon,Nagpur Circle
CPC - Nagpur,Nagpur Circle
Dhantoli,Nagpur Circle
Chalisgaon,Nagpur Circle
Shirdi,Nagpur Circle
Gondia,Nagpur Circle
Umred,Nagpur Circle
Shirpur,Nagpur Circle
Basmath,Nagpur Circle
"Taroda Naka, Nanded",Nagpur Circle
Paratwada,Nagpur Circle
"SME Centre, NSK",Nagpur Circle
Wardha,Nagpur Circle
Rahuri,Nagpur Circle
Byramjitown Nagpur,Nagpur Circle
Dhule (Maharashtra),Nagpur Circle
Dindori (Nashik)(Maharashtra),Nagpur Circle
Parbhani,Nagpur Circle
Ambad,Nagpur Circle
Hingoli,Nagpur Circle
Yevla,Nagpur Circle
Savedi,Nagpur Circle
Panchavati,Nagpur Circle
"Pimpalgaon (Nashik,Maharashtra)",Nagpur Circle
ASC - Nashik,Nagpur Circle
GADGE NAGAR AMA MH,Nagpur Circle
Shegaon,Nagpur Circle
Karanja (Lad),Nagpur Circle
Jalna (Maharashtra),Nagpur Circle
Nandurbar,Nagpur Circle
Badnera Road,Nagpur Circle
TV Centre,Nagpur Circle
"ACMC Center, Nagpur - Spoke 2",Nagpur Circle
Kopargaon,Nagpur Circle
Hingna,Nagpur Circle
Chandrapur,Nagpur Circle
Malkapur,Nagpur Circle
Friends Colony,Nagpur Circle
DSP Chowk,Nagpur Circle
Amalner,Nagpur Circle
"Garkheda, Aurangabad",Nagpur Circle
Morshi,Nagpur Circle
Kamptee,Nagpur Circle
Sillod,Nagpur Circle
Ballarpur,Nagpur Circle
Bhandara,Nagpur Circle
Sangamner,Nagpur Circle
Shrirampur,Nagpur Circle
Chikhli,Nagpur Circle
Hinganghat,Nagpur Circle
"Gandhibagh, Nagpur",Nagpur Circle
Buldhana,Nagpur Circle
ASC - Nagpur,Nagpur Circle
Sinnar,Nagpur Circle
Shahada,Nagpur Circle
Degloor,Nagpur Circle
ASC - Aurangabad,Nagpur Circle
Amravati Cluster,Nagpur Circle
ASC - Dhule,Nagpur Circle
ASC - Amravati,Nagpur Circle
ASC - Ahmadnagar,Nagpur Circle
ASC - Akola,Nagpur Circle
Pune,Pune Circle
"Corporate Banking Branch (CBB), Pune",Pune Circle
Pune Circle,Pune Circle
Wanawadi Currency Chest,Pune Circle
Rahatani,Pune Circle
Yewat,Pune Circle
Pimpri-Chinchwad (Pune),Pune Circle
Shikrapur,Pune Circle
Sadashiv Peth,Pune Circle
Panaji,Pune Circle
Mapusa,Pune Circle
Kharadi,Pune Circle
Margao (Goa),Pune Circle
Hadapsar (Pune),Pune Circle
Solapur Cluster,Pune Circle
CPC - Pune,Pune Circle
Latur (Maharashtra),Pune Circle
Bund Garden Pune,Pune Circle
Baramati (Maharashtra),Pune Circle
Ponda,Pune Circle
ASC - Pune,Pune Circle
"Chakan (Pune,Maharashtra)",Pune Circle
Ajmera Complex,Pune Circle
Sahakar Nagar (Pune),Pune Circle
Ratnagiri (Maharashtra),Pune Circle
"SME Centre, Pune 2",Pune Circle
P B Senapati Bapat Marg (Pune),Pune Circle
"Agri Business Center, Pune",Pune Circle
Colva,Pune Circle
Wanawadi (Pune),Pune Circle
Wakad,Pune Circle
Kolhapur (Maharashtra),Pune Circle
Akluj,Pune Circle
Goa Cluster,Pune Circle
Vasco,Pune Circle
B T Kawde Road,Pune Circle
Agacaim,Pune Circle
MancharPune,Pune Circle
Pandharpur,Pune Circle
Paud Road,Pune Circle
Vita,Pune Circle
THERMAX CHOWK,Pune Circle
Nigdi,Pune Circle
Koregaon,Pune Circle
"Candolim, Goa",Pune Circle
Karad,Pune Circle
Warje,Pune Circle
Prabhat Road,Pune Circle
"SME Center, Pune",Pune Circle
SANQUELIM,Pune Circle
Barshi,Pune Circle
AMBEGAON PUNE,Pune Circle
Kothrud (Pune),Pune Circle
Pune Camp (Maharashtra),Pune Circle
Kudalsindhudurg,Pune Circle
Baner (Pune),Pune Circle
Indrayaninagar Branch,Pune Circle
Kanna Chowk,Pune Circle
Hinjewadi,Pune Circle
Satara,Pune Circle
Kalyani Nagar (Pune),Pune Circle
Karve Nagar,Pune Circle
"Hotgi Road , Solapur",Pune Circle
Sangli,Pune Circle
Beed,Pune Circle
"SME Centre, KLP",Pune Circle
Khed Shivapur,Pune Circle
"Dhankawadi,Pune",Pune Circle
SHIRWAL,Pune Circle
Kolhapur Cluster,Pune Circle
Solapur (Maharashtra),Pune Circle
Sinhagad Road,Pune Circle
ASC - Kolhapur,Pune Circle
Kagal,Pune Circle
Khopoli,Pune Circle
Tasgaon,Pune Circle
Daund Road,Pune Circle
Phaltan,Pune Circle
Osmanabad,Pune Circle
VISHRANTWADI,Pune Circle
Islampur (Maharashtra),Pune Circle
Ichalkaranji,Pune Circle
Bavdhan,Pune Circle
Bhigwan,Pune Circle
Wai,Pune Circle
"Viman Nagar, Pune",Pune Circle
"New Mahadwar Road, Kolhapur",Pune Circle
Chiplun,Pune Circle
Appa Balwant Chowk,Pune Circle
AMBEJOGAI,Pune Circle
ChikhaliRoad,Pune Circle
Aundh,Pune Circle
Pashan,Pune Circle
Gadhinglaj,Pune Circle
Miraj,Pune Circle
Tuljapur,Pune Circle
Kondhwa,Pune Circle
BALEWADI,Pune Circle
Talegaon,Pune Circle
Dhapodi,Pune Circle
PimpriChowk,Pune Circle
Pune 1 Cluster,Pune Circle
Udgir,Pune Circle
CPC-PuneEast,Pune Circle
LONAVALA,Pune Circle
Shirur,Pune Circle
ASC - PuneEast,Pune Circle
ASC - Solapur,Pune Circle
"ACMC Center, Pune",Pune Circle
ASC - Pimpri Chinchwad,Pune Circle
"ASC - Sahakar Nagar, Pune",Pune Circle
ASC - Mapusa,Pune Circle
CPC - Kolhapur,Pune Circle
CPC - Mapusa,Pune Circle
Pune 2 Cluster,Pune Circle
Miscellaneous Roles ,Central Office
